[
{
  "model": "admin.logentry",
  "pk": 1,
  "fields": {
    "action_time": "2024-07-23T09:16:10.290Z",
    "user": 1,
    "content_type": 11,
    "object_id": "1",
    "object_repr": "Вода",
    "action_flag": 1,
    "change_message": "[{\"added\": {}}]"
  }
},
{
  "model": "admin.logentry",
  "pk": 2,
  "fields": {
    "action_time": "2024-07-23T09:16:33.327Z",
    "user": 1,
    "content_type": 10,
    "object_id": "1",
    "object_repr": "Высокий",
    "action_flag": 1,
    "change_message": "[{\"added\": {}}]"
  }
},
{
  "model": "admin.logentry",
  "pk": 3,
  "fields": {
    "action_time": "2024-07-23T09:16:48.840Z",
    "user": 1,
    "content_type": 8,
    "object_id": "1",
    "object_repr": "Вода",
    "action_flag": 1,
    "change_message": "[{\"added\": {}}]"
  }
},
{
  "model": "admin.logentry",
  "pk": 4,
  "fields": {
    "action_time": "2024-07-23T09:17:02.779Z",
    "user": 1,
    "content_type": 13,
    "object_id": "1",
    "object_repr": "Price object (1)",
    "action_flag": 1,
    "change_message": "[{\"added\": {}}]"
  }
},
{
  "model": "admin.logentry",
  "pk": 5,
  "fields": {
    "action_time": "2024-07-23T09:17:19.052Z",
    "user": 1,
    "content_type": 7,
    "object_id": "1",
    "object_repr": "Питьевые напитки",
    "action_flag": 1,
    "change_message": "[{\"added\": {}}]"
  }
},
{
  "model": "admin.logentry",
  "pk": 6,
  "fields": {
    "action_time": "2024-07-23T09:17:36.218Z",
    "user": 1,
    "content_type": 9,
    "object_id": "1",
    "object_repr": "Nutrient object (1)",
    "action_flag": 1,
    "change_message": "[{\"added\": {}}]"
  }
},
{
  "model": "admin.logentry",
  "pk": 7,
  "fields": {
    "action_time": "2024-07-23T09:18:22.102Z",
    "user": 1,
    "content_type": 12,
    "object_id": "1",
    "object_repr": "Вода",
    "action_flag": 1,
    "change_message": "[{\"added\": {}}]"
  }
},
{
  "model": "admin.logentry",
  "pk": 8,
  "fields": {
    "action_time": "2024-07-23T09:18:53.091Z",
    "user": 1,
    "content_type": 11,
    "object_id": "2",
    "object_repr": "Макароны",
    "action_flag": 1,
    "change_message": "[{\"added\": {}}]"
  }
},
{
  "model": "admin.logentry",
  "pk": 9,
  "fields": {
    "action_time": "2024-07-23T09:19:02.686Z",
    "user": 1,
    "content_type": 10,
    "object_id": "2",
    "object_repr": "Средний",
    "action_flag": 1,
    "change_message": "[{\"added\": {}}]"
  }
},
{
  "model": "admin.logentry",
  "pk": 10,
  "fields": {
    "action_time": "2024-07-23T09:19:08.129Z",
    "user": 1,
    "content_type": 10,
    "object_id": "3",
    "object_repr": "Низкий",
    "action_flag": 1,
    "change_message": "[{\"added\": {}}]"
  }
},
{
  "model": "admin.logentry",
  "pk": 11,
  "fields": {
    "action_time": "2024-07-23T09:19:20.569Z",
    "user": 1,
    "content_type": 13,
    "object_id": "2",
    "object_repr": "Price object (2)",
    "action_flag": 1,
    "change_message": "[{\"added\": {}}]"
  }
},
{
  "model": "admin.logentry",
  "pk": 12,
  "fields": {
    "action_time": "2024-07-23T09:19:34.126Z",
    "user": 1,
    "content_type": 8,
    "object_id": "2",
    "object_repr": "Пшеница",
    "action_flag": 1,
    "change_message": "[{\"added\": {}}]"
  }
},
{
  "model": "admin.logentry",
  "pk": 13,
  "fields": {
    "action_time": "2024-07-23T09:19:55.730Z",
    "user": 1,
    "content_type": 9,
    "object_id": "2",
    "object_repr": "Nutrient object (2)",
    "action_flag": 1,
    "change_message": "[{\"added\": {}}]"
  }
},
{
  "model": "admin.logentry",
  "pk": 14,
  "fields": {
    "action_time": "2024-07-23T09:20:02.728Z",
    "user": 1,
    "content_type": 7,
    "object_id": "2",
    "object_repr": "Макароны",
    "action_flag": 1,
    "change_message": "[{\"added\": {}}]"
  }
},
{
  "model": "admin.logentry",
  "pk": 15,
  "fields": {
    "action_time": "2024-07-23T09:20:40.365Z",
    "user": 1,
    "content_type": 12,
    "object_id": "2",
    "object_repr": "Макароны",
    "action_flag": 1,
    "change_message": "[{\"added\": {}}]"
  }
},
{
  "model": "admin.logentry",
  "pk": 16,
  "fields": {
    "action_time": "2024-07-23T19:30:56.542Z",
    "user": 1,
    "content_type": 7,
    "object_id": "3",
    "object_repr": "Безалкогольные напитки",
    "action_flag": 1,
    "change_message": "[{\"added\": {}}]"
  }
},
{
  "model": "admin.logentry",
  "pk": 17,
  "fields": {
    "action_time": "2024-07-23T19:31:35.563Z",
    "user": 1,
    "content_type": 7,
    "object_id": "2",
    "object_repr": "Макароны",
    "action_flag": 2,
    "change_message": "[{\"changed\": {\"fields\": [\"\\u041e\\u043f\\u0438\\u0441\\u0430\\u043d\\u0438\\u0435\"]}}]"
  }
},
{
  "model": "admin.logentry",
  "pk": 18,
  "fields": {
    "action_time": "2024-07-23T19:32:23.813Z",
    "user": 1,
    "content_type": 7,
    "object_id": "4",
    "object_repr": "Сыры",
    "action_flag": 1,
    "change_message": "[{\"added\": {}}]"
  }
},
{
  "model": "admin.logentry",
  "pk": 19,
  "fields": {
    "action_time": "2024-07-23T19:34:20.025Z",
    "user": 1,
    "content_type": 7,
    "object_id": "5",
    "object_repr": "Хлеб и выпечка",
    "action_flag": 1,
    "change_message": "[{\"added\": {}}]"
  }
},
{
  "model": "admin.logentry",
  "pk": 20,
  "fields": {
    "action_time": "2024-07-23T19:35:07.761Z",
    "user": 1,
    "content_type": 7,
    "object_id": "6",
    "object_repr": "Колбасы и мясные деликатесы",
    "action_flag": 1,
    "change_message": "[{\"added\": {}}]"
  }
},
{
  "model": "admin.logentry",
  "pk": 21,
  "fields": {
    "action_time": "2024-07-23T19:38:22.567Z",
    "user": 1,
    "content_type": 11,
    "object_id": "3",
    "object_repr": "Закваски",
    "action_flag": 1,
    "change_message": "[{\"added\": {}}]"
  }
},
{
  "model": "admin.logentry",
  "pk": 22,
  "fields": {
    "action_time": "2024-07-23T19:38:40.282Z",
    "user": 1,
    "content_type": 11,
    "object_id": "4",
    "object_repr": "Сахара",
    "action_flag": 1,
    "change_message": "[{\"added\": {}}]"
  }
},
{
  "model": "admin.logentry",
  "pk": 23,
  "fields": {
    "action_time": "2024-07-23T19:38:53.137Z",
    "user": 1,
    "content_type": 11,
    "object_id": "5",
    "object_repr": "Мука",
    "action_flag": 1,
    "change_message": "[{\"added\": {}}]"
  }
},
{
  "model": "admin.logentry",
  "pk": 24,
  "fields": {
    "action_time": "2024-07-23T19:39:02.957Z",
    "user": 1,
    "content_type": 11,
    "object_id": "6",
    "object_repr": "Бактерии",
    "action_flag": 1,
    "change_message": "[{\"added\": {}}]"
  }
},
{
  "model": "admin.logentry",
  "pk": 25,
  "fields": {
    "action_time": "2024-07-23T19:39:57.984Z",
    "user": 1,
    "content_type": 8,
    "object_id": "1",
    "object_repr": "Вода",
    "action_flag": 2,
    "change_message": "[{\"changed\": {\"fields\": [\"\\u041e\\u043f\\u0438\\u0441\\u0430\\u043d\\u0438\\u0435\"]}}]"
  }
},
{
  "model": "admin.logentry",
  "pk": 26,
  "fields": {
    "action_time": "2024-07-23T19:40:40.516Z",
    "user": 1,
    "content_type": 8,
    "object_id": "3",
    "object_repr": "Сахар свекольный",
    "action_flag": 1,
    "change_message": "[{\"added\": {}}]"
  }
},
{
  "model": "admin.logentry",
  "pk": 27,
  "fields": {
    "action_time": "2024-07-23T19:41:11.748Z",
    "user": 1,
    "content_type": 11,
    "object_id": "7",
    "object_repr": "Дрожжи",
    "action_flag": 1,
    "change_message": "[{\"added\": {}}]"
  }
},
{
  "model": "admin.logentry",
  "pk": 28,
  "fields": {
    "action_time": "2024-07-23T19:41:42.092Z",
    "user": 1,
    "content_type": 8,
    "object_id": "4",
    "object_repr": "Дрожжи хлебопекарные",
    "action_flag": 1,
    "change_message": "[{\"added\": {}}]"
  }
},
{
  "model": "admin.logentry",
  "pk": 29,
  "fields": {
    "action_time": "2024-07-23T19:43:29.371Z",
    "user": 1,
    "content_type": 11,
    "object_id": "8",
    "object_repr": "Зерновые культуры",
    "action_flag": 1,
    "change_message": "[{\"added\": {}}]"
  }
},
{
  "model": "admin.logentry",
  "pk": 30,
  "fields": {
    "action_time": "2024-07-23T19:43:45.908Z",
    "user": 1,
    "content_type": 11,
    "object_id": "7",
    "object_repr": "Дрожжи",
    "action_flag": 2,
    "change_message": "[{\"changed\": {\"fields\": [\"\\u041e\\u043f\\u0438\\u0441\\u0430\\u043d\\u0438\\u0435\"]}}]"
  }
},
{
  "model": "admin.logentry",
  "pk": 31,
  "fields": {
    "action_time": "2024-07-23T19:45:27.150Z",
    "user": 1,
    "content_type": 11,
    "object_id": "5",
    "object_repr": "Мука",
    "action_flag": 2,
    "change_message": "[{\"changed\": {\"fields\": [\"\\u041e\\u043f\\u0438\\u0441\\u0430\\u043d\\u0438\\u0435\"]}}]"
  }
},
{
  "model": "admin.logentry",
  "pk": 32,
  "fields": {
    "action_time": "2024-07-23T19:46:12.862Z",
    "user": 1,
    "content_type": 11,
    "object_id": "4",
    "object_repr": "Сахара",
    "action_flag": 2,
    "change_message": "[{\"changed\": {\"fields\": [\"\\u041e\\u043f\\u0438\\u0441\\u0430\\u043d\\u0438\\u0435\"]}}]"
  }
},
{
  "model": "admin.logentry",
  "pk": 33,
  "fields": {
    "action_time": "2024-07-23T19:46:31.600Z",
    "user": 1,
    "content_type": 11,
    "object_id": "3",
    "object_repr": "Закваски",
    "action_flag": 2,
    "change_message": "[{\"changed\": {\"fields\": [\"\\u041e\\u043f\\u0438\\u0441\\u0430\\u043d\\u0438\\u0435\"]}}]"
  }
},
{
  "model": "admin.logentry",
  "pk": 34,
  "fields": {
    "action_time": "2024-07-23T19:47:24.543Z",
    "user": 1,
    "content_type": 8,
    "object_id": "5",
    "object_repr": "Солод ячменный",
    "action_flag": 1,
    "change_message": "[{\"added\": {}}]"
  }
},
{
  "model": "admin.logentry",
  "pk": 35,
  "fields": {
    "action_time": "2024-07-23T19:48:22.062Z",
    "user": 1,
    "content_type": 8,
    "object_id": "6",
    "object_repr": "Солод ржаной",
    "action_flag": 1,
    "change_message": "[{\"added\": {}}]"
  }
},
{
  "model": "admin.logentry",
  "pk": 36,
  "fields": {
    "action_time": "2024-07-23T19:49:32.300Z",
    "user": 1,
    "content_type": 8,
    "object_id": "7",
    "object_repr": "Молочнокислые бактерии",
    "action_flag": 1,
    "change_message": "[{\"added\": {}}]"
  }
},
{
  "model": "admin.logentry",
  "pk": 37,
  "fields": {
    "action_time": "2024-07-23T19:58:21.617Z",
    "user": 1,
    "content_type": 9,
    "object_id": "3",
    "object_repr": "Калории: 24, Белки: 1, Жиры: 0, Углеводы: 2",
    "action_flag": 1,
    "change_message": "[{\"added\": {}}]"
  }
},
{
  "model": "admin.logentry",
  "pk": 38,
  "fields": {
    "action_time": "2024-07-23T19:58:42.939Z",
    "user": 1,
    "content_type": 9,
    "object_id": "2",
    "object_repr": "Калории: 100, Белки: 4, Жиры: 8, Углеводы: 12",
    "action_flag": 3,
    "change_message": ""
  }
},
{
  "model": "admin.logentry",
  "pk": 39,
  "fields": {
    "action_time": "2024-07-23T19:59:40.611Z",
    "user": 1,
    "content_type": 12,
    "object_id": "1",
    "object_repr": "Вода",
    "action_flag": 2,
    "change_message": "[{\"changed\": {\"fields\": [\"\\u041a\\u0430\\u0442\\u0435\\u0433\\u043e\\u0440\\u0438\\u044f\"]}}]"
  }
},
{
  "model": "admin.logentry",
  "pk": 40,
  "fields": {
    "action_time": "2024-07-23T19:59:54.262Z",
    "user": 1,
    "content_type": 7,
    "object_id": "1",
    "object_repr": "Питьевые напитки",
    "action_flag": 3,
    "change_message": ""
  }
},
{
  "model": "admin.logentry",
  "pk": 41,
  "fields": {
    "action_time": "2024-07-23T20:00:37.566Z",
    "user": 1,
    "content_type": 13,
    "object_id": "3",
    "object_repr": "82",
    "action_flag": 1,
    "change_message": "[{\"added\": {}}]"
  }
},
{
  "model": "admin.logentry",
  "pk": 42,
  "fields": {
    "action_time": "2024-07-23T20:00:39.340Z",
    "user": 1,
    "content_type": 12,
    "object_id": "3",
    "object_repr": "Квас",
    "action_flag": 1,
    "change_message": "[{\"added\": {}}]"
  }
},
{
  "model": "admin.logentry",
  "pk": 43,
  "fields": {
    "action_time": "2024-07-23T20:05:54.919Z",
    "user": 1,
    "content_type": 11,
    "object_id": "6",
    "object_repr": "Бактерии",
    "action_flag": 2,
    "change_message": "[{\"changed\": {\"fields\": [\"\\u041e\\u043f\\u0438\\u0441\\u0430\\u043d\\u0438\\u0435\"]}}]"
  }
},
{
  "model": "admin.logentry",
  "pk": 44,
  "fields": {
    "action_time": "2024-07-23T20:31:27.074Z",
    "user": 1,
    "content_type": 13,
    "object_id": "4",
    "object_repr": "126",
    "action_flag": 1,
    "change_message": "[{\"added\": {}}]"
  }
},
{
  "model": "admin.logentry",
  "pk": 45,
  "fields": {
    "action_time": "2024-07-23T20:32:28.834Z",
    "user": 1,
    "content_type": 9,
    "object_id": "4",
    "object_repr": "Калории: 124, Белки: 6, Жиры: 2, Углеводы: 54",
    "action_flag": 1,
    "change_message": "[{\"added\": {}}]"
  }
},
{
  "model": "admin.logentry",
  "pk": 46,
  "fields": {
    "action_time": "2024-07-23T20:32:32.363Z",
    "user": 1,
    "content_type": 12,
    "object_id": "2",
    "object_repr": "Макароны из пшеницы",
    "action_flag": 2,
    "change_message": "[{\"changed\": {\"fields\": [\"\\u041d\\u0430\\u0437\\u0432\\u0430\\u043d\\u0438\\u0435 \\u043f\\u0440\\u043e\\u0434\\u0443\\u043a\\u0442\\u0430\", \"URL\", \"\\u041e\\u043f\\u0438\\u0441\\u0430\\u043d\\u0438\\u0435\", \"\\u0426\\u0435\\u043d\\u0430 \\u043f\\u0440\\u043e\\u0434\\u0443\\u043a\\u0442\\u0430, \\u20bd\", \"\\u042d\\u043b\\u0435\\u043c\\u0435\\u043d\\u0442\", \"\\u041a\\u0411\\u0416\\u0423\"]}}]"
  }
},
{
  "model": "admin.logentry",
  "pk": 47,
  "fields": {
    "action_time": "2024-07-23T20:32:54.359Z",
    "user": 1,
    "content_type": 13,
    "object_id": "2",
    "object_repr": "88.00",
    "action_flag": 3,
    "change_message": ""
  }
},
{
  "model": "admin.logentry",
  "pk": 48,
  "fields": {
    "action_time": "2024-07-23T20:36:06.604Z",
    "user": 1,
    "content_type": 11,
    "object_id": "9",
    "object_repr": "Ягоды",
    "action_flag": 1,
    "change_message": "[{\"added\": {}}]"
  }
},
{
  "model": "admin.logentry",
  "pk": 49,
  "fields": {
    "action_time": "2024-07-23T20:36:10.414Z",
    "user": 1,
    "content_type": 8,
    "object_id": "8",
    "object_repr": "Пюре из ягод брусники",
    "action_flag": 1,
    "change_message": "[{\"added\": {}}]"
  }
},
{
  "model": "admin.logentry",
  "pk": 50,
  "fields": {
    "action_time": "2024-07-23T20:36:59.547Z",
    "user": 1,
    "content_type": 13,
    "object_id": "5",
    "object_repr": "125",
    "action_flag": 1,
    "change_message": "[{\"added\": {}}]"
  }
},
{
  "model": "admin.logentry",
  "pk": 51,
  "fields": {
    "action_time": "2024-07-23T20:37:36.853Z",
    "user": 1,
    "content_type": 9,
    "object_id": "5",
    "object_repr": "Калории: 42, Белки: 0, Жиры: 0, Углеводы: 11",
    "action_flag": 1,
    "change_message": "[{\"added\": {}}]"
  }
},
{
  "model": "admin.logentry",
  "pk": 52,
  "fields": {
    "action_time": "2024-07-23T20:37:51.362Z",
    "user": 1,
    "content_type": 12,
    "object_id": "4",
    "object_repr": "Морс брусничный",
    "action_flag": 1,
    "change_message": "[{\"added\": {}}]"
  }
},
{
  "model": "admin.logentry",
  "pk": 53,
  "fields": {
    "action_time": "2024-07-23T20:39:48.931Z",
    "user": 1,
    "content_type": 11,
    "object_id": "10",
    "object_repr": "Красители и пищевые добавки",
    "action_flag": 1,
    "change_message": "[{\"added\": {}}]"
  }
},
{
  "model": "admin.logentry",
  "pk": 54,
  "fields": {
    "action_time": "2024-07-23T20:41:28.573Z",
    "user": 1,
    "content_type": 8,
    "object_id": "9",
    "object_repr": "Е150d",
    "action_flag": 1,
    "change_message": "[{\"added\": {}}]"
  }
},
{
  "model": "admin.logentry",
  "pk": 55,
  "fields": {
    "action_time": "2024-07-23T20:41:45.080Z",
    "user": 1,
    "content_type": 8,
    "object_id": "9",
    "object_repr": "Е150d-Сахарный колер IV",
    "action_flag": 2,
    "change_message": "[{\"changed\": {\"fields\": [\"\\u041d\\u0430\\u0437\\u0432\\u0430\\u043d\\u0438\\u0435 \\u044d\\u043b\\u0435\\u043c\\u0435\\u043d\\u0442\\u0430\"]}}]"
  }
},
{
  "model": "admin.logentry",
  "pk": 56,
  "fields": {
    "action_time": "2024-07-23T20:43:05.808Z",
    "user": 1,
    "content_type": 8,
    "object_id": "10",
    "object_repr": "E-338 – Орто-фосфорная кислота",
    "action_flag": 1,
    "change_message": "[{\"added\": {}}]"
  }
},
{
  "model": "admin.logentry",
  "pk": 57,
  "fields": {
    "action_time": "2024-07-23T20:44:21.699Z",
    "user": 1,
    "content_type": 8,
    "object_id": "11",
    "object_repr": "E-331(iii)– Цитрат натрия 3-замещенный",
    "action_flag": 1,
    "change_message": "[{\"added\": {}}]"
  }
},
{
  "model": "admin.logentry",
  "pk": 58,
  "fields": {
    "action_time": "2024-07-23T20:45:44.815Z",
    "user": 1,
    "content_type": 8,
    "object_id": "12",
    "object_repr": "E-952 - Цикламат натрия",
    "action_flag": 1,
    "change_message": "[{\"added\": {}}]"
  }
},
{
  "model": "admin.logentry",
  "pk": 59,
  "fields": {
    "action_time": "2024-07-23T20:47:01.935Z",
    "user": 1,
    "content_type": 8,
    "object_id": "13",
    "object_repr": "E-950 - Ацесульфам калия",
    "action_flag": 1,
    "change_message": "[{\"added\": {}}]"
  }
},
{
  "model": "admin.logentry",
  "pk": 60,
  "fields": {
    "action_time": "2024-07-23T20:47:47.365Z",
    "user": 1,
    "content_type": 8,
    "object_id": "14",
    "object_repr": "Е-951 - Аспартам",
    "action_flag": 1,
    "change_message": "[{\"added\": {}}]"
  }
},
{
  "model": "admin.logentry",
  "pk": 61,
  "fields": {
    "action_time": "2024-07-23T20:48:38.500Z",
    "user": 1,
    "content_type": 8,
    "object_id": "15",
    "object_repr": "Кофеин",
    "action_flag": 1,
    "change_message": "[{\"added\": {}}]"
  }
},
{
  "model": "admin.logentry",
  "pk": 62,
  "fields": {
    "action_time": "2024-07-23T20:50:04.608Z",
    "user": 1,
    "content_type": 13,
    "object_id": "6",
    "object_repr": "76",
    "action_flag": 1,
    "change_message": "[{\"added\": {}}]"
  }
},
{
  "model": "admin.logentry",
  "pk": 63,
  "fields": {
    "action_time": "2024-07-23T20:50:44.624Z",
    "user": 1,
    "content_type": 9,
    "object_id": "6",
    "object_repr": "Калории: 42, Белки: 0, Жиры: 0, Углеводы: 11",
    "action_flag": 1,
    "change_message": "[{\"added\": {}}]"
  }
},
{
  "model": "admin.logentry",
  "pk": 64,
  "fields": {
    "action_time": "2024-07-23T20:50:46.168Z",
    "user": 1,
    "content_type": 12,
    "object_id": "5",
    "object_repr": "Добрый кола",
    "action_flag": 1,
    "change_message": "[{\"added\": {}}]"
  }
},
{
  "model": "admin.logentry",
  "pk": 65,
  "fields": {
    "action_time": "2024-07-23T20:52:25.046Z",
    "user": 1,
    "content_type": 8,
    "object_id": "16",
    "object_repr": "Е-955 - Сукралоза",
    "action_flag": 1,
    "change_message": "[{\"added\": {}}]"
  }
},
{
  "model": "admin.logentry",
  "pk": 66,
  "fields": {
    "action_time": "2024-07-23T20:53:45.366Z",
    "user": 1,
    "content_type": 13,
    "object_id": "7",
    "object_repr": "96",
    "action_flag": 1,
    "change_message": "[{\"added\": {}}]"
  }
},
{
  "model": "admin.logentry",
  "pk": 67,
  "fields": {
    "action_time": "2024-07-23T20:54:43.022Z",
    "user": 1,
    "content_type": 9,
    "object_id": "7",
    "object_repr": "Калории: 28, Белки: 0, Жиры: 0, Углеводы: 7",
    "action_flag": 1,
    "change_message": "[{\"added\": {}}]"
  }
},
{
  "model": "admin.logentry",
  "pk": 68,
  "fields": {
    "action_time": "2024-07-23T20:54:45.920Z",
    "user": 1,
    "content_type": 12,
    "object_id": "6",
    "object_repr": "Доктор Пеппер",
    "action_flag": 1,
    "change_message": "[{\"added\": {}}]"
  }
},
{
  "model": "admin.logentry",
  "pk": 69,
  "fields": {
    "action_time": "2024-07-23T21:10:35.049Z",
    "user": 1,
    "content_type": 8,
    "object_id": "17",
    "object_repr": "Мука из красной чечевицы",
    "action_flag": 1,
    "change_message": "[{\"added\": {}}]"
  }
},
{
  "model": "admin.logentry",
  "pk": 70,
  "fields": {
    "action_time": "2024-07-23T21:10:50.934Z",
    "user": 1,
    "content_type": 8,
    "object_id": "17",
    "object_repr": "Мука из красной чечевицы",
    "action_flag": 2,
    "change_message": "[]"
  }
},
{
  "model": "admin.logentry",
  "pk": 71,
  "fields": {
    "action_time": "2024-07-23T21:11:59.455Z",
    "user": 1,
    "content_type": 13,
    "object_id": "8",
    "object_repr": "220",
    "action_flag": 1,
    "change_message": "[{\"added\": {}}]"
  }
},
{
  "model": "admin.logentry",
  "pk": 72,
  "fields": {
    "action_time": "2024-07-23T21:12:33.423Z",
    "user": 1,
    "content_type": 9,
    "object_id": "8",
    "object_repr": "Калории: 369, Белки: 17, Жиры: 2, Углеводы: 72",
    "action_flag": 1,
    "change_message": "[{\"added\": {}}]"
  }
},
{
  "model": "admin.logentry",
  "pk": 73,
  "fields": {
    "action_time": "2024-07-23T21:12:34.559Z",
    "user": 1,
    "content_type": 12,
    "object_id": "7",
    "object_repr": "Макароны из красной чечевицы",
    "action_flag": 1,
    "change_message": "[{\"added\": {}}]"
  }
},
{
  "model": "auth.permission",
  "pk": 1,
  "fields": {
    "name": "Can add log entry",
    "content_type": 1,
    "codename": "add_logentry"
  }
},
{
  "model": "auth.permission",
  "pk": 2,
  "fields": {
    "name": "Can change log entry",
    "content_type": 1,
    "codename": "change_logentry"
  }
},
{
  "model": "auth.permission",
  "pk": 3,
  "fields": {
    "name": "Can delete log entry",
    "content_type": 1,
    "codename": "delete_logentry"
  }
},
{
  "model": "auth.permission",
  "pk": 4,
  "fields": {
    "name": "Can view log entry",
    "content_type": 1,
    "codename": "view_logentry"
  }
},
{
  "model": "auth.permission",
  "pk": 5,
  "fields": {
    "name": "Can add permission",
    "content_type": 2,
    "codename": "add_permission"
  }
},
{
  "model": "auth.permission",
  "pk": 6,
  "fields": {
    "name": "Can change permission",
    "content_type": 2,
    "codename": "change_permission"
  }
},
{
  "model": "auth.permission",
  "pk": 7,
  "fields": {
    "name": "Can delete permission",
    "content_type": 2,
    "codename": "delete_permission"
  }
},
{
  "model": "auth.permission",
  "pk": 8,
  "fields": {
    "name": "Can view permission",
    "content_type": 2,
    "codename": "view_permission"
  }
},
{
  "model": "auth.permission",
  "pk": 9,
  "fields": {
    "name": "Can add group",
    "content_type": 3,
    "codename": "add_group"
  }
},
{
  "model": "auth.permission",
  "pk": 10,
  "fields": {
    "name": "Can change group",
    "content_type": 3,
    "codename": "change_group"
  }
},
{
  "model": "auth.permission",
  "pk": 11,
  "fields": {
    "name": "Can delete group",
    "content_type": 3,
    "codename": "delete_group"
  }
},
{
  "model": "auth.permission",
  "pk": 12,
  "fields": {
    "name": "Can view group",
    "content_type": 3,
    "codename": "view_group"
  }
},
{
  "model": "auth.permission",
  "pk": 13,
  "fields": {
    "name": "Can add user",
    "content_type": 4,
    "codename": "add_user"
  }
},
{
  "model": "auth.permission",
  "pk": 14,
  "fields": {
    "name": "Can change user",
    "content_type": 4,
    "codename": "change_user"
  }
},
{
  "model": "auth.permission",
  "pk": 15,
  "fields": {
    "name": "Can delete user",
    "content_type": 4,
    "codename": "delete_user"
  }
},
{
  "model": "auth.permission",
  "pk": 16,
  "fields": {
    "name": "Can view user",
    "content_type": 4,
    "codename": "view_user"
  }
},
{
  "model": "auth.permission",
  "pk": 17,
  "fields": {
    "name": "Can add content type",
    "content_type": 5,
    "codename": "add_contenttype"
  }
},
{
  "model": "auth.permission",
  "pk": 18,
  "fields": {
    "name": "Can change content type",
    "content_type": 5,
    "codename": "change_contenttype"
  }
},
{
  "model": "auth.permission",
  "pk": 19,
  "fields": {
    "name": "Can delete content type",
    "content_type": 5,
    "codename": "delete_contenttype"
  }
},
{
  "model": "auth.permission",
  "pk": 20,
  "fields": {
    "name": "Can view content type",
    "content_type": 5,
    "codename": "view_contenttype"
  }
},
{
  "model": "auth.permission",
  "pk": 21,
  "fields": {
    "name": "Can add session",
    "content_type": 6,
    "codename": "add_session"
  }
},
{
  "model": "auth.permission",
  "pk": 22,
  "fields": {
    "name": "Can change session",
    "content_type": 6,
    "codename": "change_session"
  }
},
{
  "model": "auth.permission",
  "pk": 23,
  "fields": {
    "name": "Can delete session",
    "content_type": 6,
    "codename": "delete_session"
  }
},
{
  "model": "auth.permission",
  "pk": 24,
  "fields": {
    "name": "Can view session",
    "content_type": 6,
    "codename": "view_session"
  }
},
{
  "model": "auth.permission",
  "pk": 25,
  "fields": {
    "name": "Can add категорию",
    "content_type": 7,
    "codename": "add_category"
  }
},
{
  "model": "auth.permission",
  "pk": 26,
  "fields": {
    "name": "Can change категорию",
    "content_type": 7,
    "codename": "change_category"
  }
},
{
  "model": "auth.permission",
  "pk": 27,
  "fields": {
    "name": "Can delete категорию",
    "content_type": 7,
    "codename": "delete_category"
  }
},
{
  "model": "auth.permission",
  "pk": 28,
  "fields": {
    "name": "Can view категорию",
    "content_type": 7,
    "codename": "view_category"
  }
},
{
  "model": "auth.permission",
  "pk": 29,
  "fields": {
    "name": "Can add элемент",
    "content_type": 8,
    "codename": "add_element"
  }
},
{
  "model": "auth.permission",
  "pk": 30,
  "fields": {
    "name": "Can change элемент",
    "content_type": 8,
    "codename": "change_element"
  }
},
{
  "model": "auth.permission",
  "pk": 31,
  "fields": {
    "name": "Can delete элемент",
    "content_type": 8,
    "codename": "delete_element"
  }
},
{
  "model": "auth.permission",
  "pk": 32,
  "fields": {
    "name": "Can view элемент",
    "content_type": 8,
    "codename": "view_element"
  }
},
{
  "model": "auth.permission",
  "pk": 33,
  "fields": {
    "name": "Can add КБЖУ",
    "content_type": 9,
    "codename": "add_nutrient"
  }
},
{
  "model": "auth.permission",
  "pk": 34,
  "fields": {
    "name": "Can change КБЖУ",
    "content_type": 9,
    "codename": "change_nutrient"
  }
},
{
  "model": "auth.permission",
  "pk": 35,
  "fields": {
    "name": "Can delete КБЖУ",
    "content_type": 9,
    "codename": "delete_nutrient"
  }
},
{
  "model": "auth.permission",
  "pk": 36,
  "fields": {
    "name": "Can view КБЖУ",
    "content_type": 9,
    "codename": "view_nutrient"
  }
},
{
  "model": "auth.permission",
  "pk": 37,
  "fields": {
    "name": "Can add рейтинг элемента",
    "content_type": 10,
    "codename": "add_rating"
  }
},
{
  "model": "auth.permission",
  "pk": 38,
  "fields": {
    "name": "Can change рейтинг элемента",
    "content_type": 10,
    "codename": "change_rating"
  }
},
{
  "model": "auth.permission",
  "pk": 39,
  "fields": {
    "name": "Can delete рейтинг элемента",
    "content_type": 10,
    "codename": "delete_rating"
  }
},
{
  "model": "auth.permission",
  "pk": 40,
  "fields": {
    "name": "Can view рейтинг элемента",
    "content_type": 10,
    "codename": "view_rating"
  }
},
{
  "model": "auth.permission",
  "pk": 41,
  "fields": {
    "name": "Can add тип элемента",
    "content_type": 11,
    "codename": "add_type"
  }
},
{
  "model": "auth.permission",
  "pk": 42,
  "fields": {
    "name": "Can change тип элемента",
    "content_type": 11,
    "codename": "change_type"
  }
},
{
  "model": "auth.permission",
  "pk": 43,
  "fields": {
    "name": "Can delete тип элемента",
    "content_type": 11,
    "codename": "delete_type"
  }
},
{
  "model": "auth.permission",
  "pk": 44,
  "fields": {
    "name": "Can view тип элемента",
    "content_type": 11,
    "codename": "view_type"
  }
},
{
  "model": "auth.permission",
  "pk": 45,
  "fields": {
    "name": "Can add продукт",
    "content_type": 12,
    "codename": "add_product"
  }
},
{
  "model": "auth.permission",
  "pk": 46,
  "fields": {
    "name": "Can change продукт",
    "content_type": 12,
    "codename": "change_product"
  }
},
{
  "model": "auth.permission",
  "pk": 47,
  "fields": {
    "name": "Can delete продукт",
    "content_type": 12,
    "codename": "delete_product"
  }
},
{
  "model": "auth.permission",
  "pk": 48,
  "fields": {
    "name": "Can view продукт",
    "content_type": 12,
    "codename": "view_product"
  }
},
{
  "model": "auth.permission",
  "pk": 49,
  "fields": {
    "name": "Can add цену",
    "content_type": 13,
    "codename": "add_price"
  }
},
{
  "model": "auth.permission",
  "pk": 50,
  "fields": {
    "name": "Can change цену",
    "content_type": 13,
    "codename": "change_price"
  }
},
{
  "model": "auth.permission",
  "pk": 51,
  "fields": {
    "name": "Can delete цену",
    "content_type": 13,
    "codename": "delete_price"
  }
},
{
  "model": "auth.permission",
  "pk": 52,
  "fields": {
    "name": "Can view цену",
    "content_type": 13,
    "codename": "view_price"
  }
},
{
  "model": "auth.user",
  "pk": 1,
  "fields": {
    "password": "pbkdf2_sha256$600000$WLTIzanu58NYhKDemqz3eK$YyokxzEFWxZCDKjZGjhLRH+Thu+dSDT9Po+4FnST83Y=",
    "last_login": "2024-07-23T19:29:24.592Z",
    "is_superuser": true,
    "username": "admin",
    "first_name": "",
    "last_name": "",
    "email": "",
    "is_staff": true,
    "is_active": true,
    "date_joined": "2024-07-23T09:15:19.056Z",
    "groups": [],
    "user_permissions": []
  }
},
{
  "model": "contenttypes.contenttype",
  "pk": 1,
  "fields": {
    "app_label": "admin",
    "model": "logentry"
  }
},
{
  "model": "contenttypes.contenttype",
  "pk": 2,
  "fields": {
    "app_label": "auth",
    "model": "permission"
  }
},
{
  "model": "contenttypes.contenttype",
  "pk": 3,
  "fields": {
    "app_label": "auth",
    "model": "group"
  }
},
{
  "model": "contenttypes.contenttype",
  "pk": 4,
  "fields": {
    "app_label": "auth",
    "model": "user"
  }
},
{
  "model": "contenttypes.contenttype",
  "pk": 5,
  "fields": {
    "app_label": "contenttypes",
    "model": "contenttype"
  }
},
{
  "model": "contenttypes.contenttype",
  "pk": 6,
  "fields": {
    "app_label": "sessions",
    "model": "session"
  }
},
{
  "model": "contenttypes.contenttype",
  "pk": 7,
  "fields": {
    "app_label": "food",
    "model": "category"
  }
},
{
  "model": "contenttypes.contenttype",
  "pk": 8,
  "fields": {
    "app_label": "food",
    "model": "element"
  }
},
{
  "model": "contenttypes.contenttype",
  "pk": 9,
  "fields": {
    "app_label": "food",
    "model": "nutrient"
  }
},
{
  "model": "contenttypes.contenttype",
  "pk": 10,
  "fields": {
    "app_label": "food",
    "model": "rating"
  }
},
{
  "model": "contenttypes.contenttype",
  "pk": 11,
  "fields": {
    "app_label": "food",
    "model": "type"
  }
},
{
  "model": "contenttypes.contenttype",
  "pk": 12,
  "fields": {
    "app_label": "food",
    "model": "product"
  }
},
{
  "model": "contenttypes.contenttype",
  "pk": 13,
  "fields": {
    "app_label": "food",
    "model": "price"
  }
},
{
  "model": "sessions.session",
  "pk": "7heporb8d2018sgs39ht656mzboknqds",
  "fields": {
    "session_data": ".eJxVjDsOwjAQRO_iGlnrf6CkzxmsXXvBAWRLcVIh7k4ipYBuNO_NvEXEdSlx7TzHKYuLUOL02xGmJ9cd5AfWe5Op1WWeSO6KPGiXY8v8uh7u30HBXrY1cmKwWmUMmkxy_jY455NhS4acAaLBOmZQECy7cAZtwSivmbdAKojPF-NkNyA:1sWBcE:r2WoqIoVnW7ioCUihdmCn_YUf7cMbFJb1Ejo_Ssn8F4",
    "expire_date": "2024-08-06T09:15:26.757Z"
  }
},
{
  "model": "sessions.session",
  "pk": "oshnzljrj2x8qxpvitj20stulw6uibjn",
  "fields": {
    "session_data": ".eJxVjDsOwjAQRO_iGlnrf6CkzxmsXXvBAWRLcVIh7k4ipYBuNO_NvEXEdSlx7TzHKYuLUOL02xGmJ9cd5AfWe5Op1WWeSO6KPGiXY8v8uh7u30HBXrY1cmKwWmUMmkxy_jY455NhS4acAaLBOmZQECy7cAZtwSivmbdAKojPF-NkNyA:1sWLCO:w0WWGuj2zJD0KrhcQ1CJpoEVkchM0vWeF6RX2GhyG6w",
    "expire_date": "2024-08-06T19:29:24.613Z"
  }
},
{
  "model": "food.product",
  "pk": 1,
  "fields": {
    "slug": "voda",
    "description": "",
    "title": "Вода",
    "image": "product_images/228820-butylka-vody-39.jpg",
    "price": 1,
    "nutrient": 1,
    "category": [
      3
    ],
    "element": [
      1
    ]
  }
},
{
  "model": "food.product",
  "pk": 2,
  "fields": {
    "slug": "makarony-iz-pshenicy",
    "description": "Классические спагетти для приготовления идеальной пасты. Они не развариваются, не слипаются, замечательно пропитываются соусами и легко варятся до состояния «аль денте»‎.\r\nСо спагетти получится любой вид пасты, но обычно их используют для классической, карбонары, болоньезе, качо-и-пепе.",
    "title": "Макароны из пшеницы",
    "image": "product_images/scale_1200.jpg",
    "price": 4,
    "nutrient": 4,
    "category": [
      2
    ],
    "element": [
      1,
      2
    ]
  }
},
{
  "model": "food.product",
  "pk": 3,
  "fields": {
    "slug": "kvas",
    "description": "Ностальгический, яркий вкус поджаренной корочки ржаного хлеба и горько-сладкий привкус солода. Превосходно освежает и утоляет жажду. Этот натуральный, деликатно газированный напиток хорош и сам по себе, и как основа для ароматной весенней окрошки, летней ботвиньи и старинного русского супа с мясом щуки и хреном.\r\nНеобходимо хранить в холодильнике, чтобы избежать процесса брожения, так как продукт живой.\r\nДоля этилового спирта не более 1,2%. Напиток противопоказан детям до 12 лет, беременным и кормящим женщинам. Допускается дрожжевой осадок.",
    "title": "Квас",
    "image": "",
    "price": 3,
    "nutrient": 3,
    "category": [
      3
    ],
    "element": [
      1,
      3,
      4,
      5,
      6,
      7
    ]
  }
},
{
  "model": "food.product",
  "pk": 4,
  "fields": {
    "slug": "mors-brusnichnyj",
    "description": "Этот сладко-терпкий морс приготовлен из натуральной брусники. Его свежий лесной вкус замечательно раскрывается и в охлажденном напитке, и в горячем, с пряностями и медом. Хорошо утоляет жажду и сочетается со вторыми блюдами или выпечкой.",
    "title": "Морс брусничный",
    "image": "product_images/mors_brusnika.jpg",
    "price": 5,
    "nutrient": 5,
    "category": [
      3
    ],
    "element": [
      1,
      3,
      8
    ]
  }
},
{
  "model": "food.product",
  "pk": 5,
  "fields": {
    "slug": "dobryj-kola",
    "description": "Напиток газированный Добрый Cola - напиток с натуральным составом, без искусственных красителей, на чистейшей артезианской воде. Это бодряще-освежающий аромат и природная сладость, которую любят многие. Она дарит бодрость и наполняет энергией, оставляя приятное пряное послевкусие. Пейте охлажденным или используйте для приготовления коктейле и других напитков.",
    "title": "Добрый кола",
    "image": "product_images/kola.jpg",
    "price": 6,
    "nutrient": 6,
    "category": [
      3
    ],
    "element": [
      1,
      9,
      10,
      11,
      12,
      13,
      14,
      15
    ]
  }
},
{
  "model": "food.product",
  "pk": 6,
  "fields": {
    "slug": "doktor-pepper",
    "description": "Dr Pepper («Доктор Пе́ппер») — безалкогольный газированный напиток.\r\n\r\nОн был создан в 1880-х годах фармацевтом Чарльзом Олдертоном в Уэйко, Техас, США. Напиток впервые был подан примерно в 1885 году.\r\n\r\nВпервые Dr Pepper был выпущен на национальный рынок в США в 1904 году, а в настоящее время продаётся по всему миру.\r\n\r\nРазновидности включают диетический Dr Pepper и линейку дополнительных вкусов, которая начала формироваться с 2000-х годов.",
    "title": "Доктор Пеппер",
    "image": "product_images/doc_pepper.jpg",
    "price": 7,
    "nutrient": 7,
    "category": [
      3
    ],
    "element": [
      1,
      9,
      10,
      11,
      13,
      15,
      16
    ]
  }
},
{
  "model": "food.product",
  "pk": 7,
  "fields": {
    "slug": "makarony-iz-krasnoj-chechevicy",
    "description": "Безглютеновые спагетти из чечевичной муки станут отличной альтернативой классическим пшеничным. Не развариваются, поэтому подходят для приготовление пасты «аль денте»‎. Кроме того, спагетти из чечевицы очень питательные: в 100 г сухого продукта содержится более 17 г белка.",
    "title": "Макароны из красной чечевицы",
    "image": "product_images/makaroni_checheviza.jpg",
    "price": 8,
    "nutrient": 8,
    "category": [
      2
    ],
    "element": [
      1,
      17
    ]
  }
},
{
  "model": "food.price",
  "pk": 1,
  "fields": {
    "title": "50.00",
    "date": "2024-07-23T09:17:02.778Z"
  }
},
{
  "model": "food.price",
  "pk": 3,
  "fields": {
    "title": "82.00",
    "date": "2024-07-23T20:00:37.554Z"
  }
},
{
  "model": "food.price",
  "pk": 4,
  "fields": {
    "title": "126.00",
    "date": "2024-07-23T20:31:27.062Z"
  }
},
{
  "model": "food.price",
  "pk": 5,
  "fields": {
    "title": "125.00",
    "date": "2024-07-23T20:36:59.536Z"
  }
},
{
  "model": "food.price",
  "pk": 6,
  "fields": {
    "title": "76.00",
    "date": "2024-07-23T20:50:04.596Z"
  }
},
{
  "model": "food.price",
  "pk": 7,
  "fields": {
    "title": "96.00",
    "date": "2024-07-23T20:53:45.355Z"
  }
},
{
  "model": "food.price",
  "pk": 8,
  "fields": {
    "title": "220.00",
    "date": "2024-07-23T21:11:59.444Z"
  }
},
{
  "model": "food.category",
  "pk": 2,
  "fields": {
    "slug": "makarony",
    "description": "Макаронные изделия – неотъемлемая часть рациона большинства сегодняшних семей. Многие не задумываются о том, какой путь проделывает продукция, чтобы радовать своим вкусом потребителей.\r\n\r\nТехнология производства макаронных изделий весьма разнообразна. Она зависит от конечного продукта, который разнообразен по форме и свойствам.\r\n\r\nПоставщики макаронных изделий оказываются в фаворе, так как товар за счет своей низкой стоимости достаточно популярен среди покупателей.\r\n\r\nВыпуск продукции с каждым годом растет, поэтому важным критерием становится качество. Как следствие, увеличивается конкуренция. Предприятия-гиганты вытесняют небольшие фирмы, монополизируя рынок.\r\n\r\nМакароны – один из самых доступных видов продукции. Их потребляют как бедные, так и богатые. Даже несмотря на увеличение цен, спрос на продовольствие не перестал расти.",
    "title": "Макароны"
  }
},
{
  "model": "food.category",
  "pk": 3,
  "fields": {
    "slug": "bezalkogolnye-napitki",
    "description": "Главными характерными чертами безалкогольных напитков являются высокое содержание воды и отсутствие алкоголя. Точнее говоря, объемная доля этилового спирта в этих напитках не может превышать 0,5%, а в напитках брожения и на спиртосодержащем сырье —1,2%. Кроме того, в состав большинства напитков входят сахара и другие экстрактивные вещества, которые в готовый продукт поступают вместе с соками, морсами, экстрактами, настоями и т.п.\r\n\r\nВ состав безалкогольных напитков также могут входить минеральные вещества, органические кислоты, красящие и ароматические вещества и др. В частности, в процессе приготовления многих напитков образуются или добавляются в них углекислотная органические кислоты, благодаря которым употребление безалкогольных напитков может принести человеку освежающий эффект.",
    "title": "Безалкогольные напитки"
  }
},
{
  "model": "food.category",
  "pk": 4,
  "fields": {
    "slug": "syry",
    "description": "История сыра началась тысячи лет назад, когда люди одомашнили коз и коров. Считается, что сыр получился случайно: люди пытались продлить срок годности молока, поместив его в импровизированные контейнеры из желудков животных и добавляя в него фруктовый сок или соль. Под воздействием ферментов и кислот напиток свёртывался. Заметив этот эффект, люди стали делать сыр специально.\r\n\r\nС годами рецептура менялась. Сейчас в мире существует около двух тысяч сортов сыра.",
    "title": "Сыры"
  }
},
{
  "model": "food.category",
  "pk": 5,
  "fields": {
    "slug": "hleb-i-vypechka",
    "description": "Выпечка — это общее название пищевых продуктов, основным ингредиентом которых является зерно или зерновые продукты. Хлебобулочные изделия длительного хранения могут храниться дольше благодаря меньшему содержанию влаги. К выпечке относятся как хлеб, так и мелкие хлебобулочные изделия, хлебобулочные изделия длительного хранения и даже кондитерские изделия. Обычное и плоское печенье относятся к подгруппе хлебобулочных изделий длительного хранения.\r\nСогласно общему мнению под кондитерскими изделиями понимают всю выпечку, в которой содержится 90 процентов муки и не менее 10 процентов жира и сахара. Кондитерские изделия делаются из теста, которое выпекается, обжаривается или готовится другим способом с использованием зерновой мукомольной продукции и крахмала, жира и сахара.",
    "title": "Хлеб и выпечка"
  }
},
{
  "model": "food.category",
  "pk": 6,
  "fields": {
    "slug": "kolbasy-i-myasnye-delikatesy",
    "description": "В зависимости от вида и степени термической обработки, колбасы, колбасные изделия и мясные деликатесы классифицируются на вареные, копченые, полукопченые, варенокопченые и т.д. К колбасным изделиям и мясным деликатесам относятся сосиски, сардельки, буженина, мясные чипсы, копченые ребрышки, грудинка и прочие.\r\n\r\nКолбасы и колбасные изделия, а так же мясные деликатесы можно подавать к любому столу в нарезке, в качестве закуски. Так же эти продукты удобно использовать для приготовления бутербродов или канапе. Большинство видов колбас используют для приготовления первых блюд, салатов и других кулинарных изделий.",
    "title": "Колбасы и мясные деликатесы"
  }
},
{
  "model": "food.nutrient",
  "pk": 1,
  "fields": {
    "calories": 0,
    "proteins": 0,
    "fats": 0,
    "carbohydrates": 0
  }
},
{
  "model": "food.nutrient",
  "pk": 3,
  "fields": {
    "calories": 24,
    "proteins": 1,
    "fats": 0,
    "carbohydrates": 2
  }
},
{
  "model": "food.nutrient",
  "pk": 4,
  "fields": {
    "calories": 124,
    "proteins": 6,
    "fats": 2,
    "carbohydrates": 54
  }
},
{
  "model": "food.nutrient",
  "pk": 5,
  "fields": {
    "calories": 42,
    "proteins": 0,
    "fats": 0,
    "carbohydrates": 11
  }
},
{
  "model": "food.nutrient",
  "pk": 6,
  "fields": {
    "calories": 42,
    "proteins": 0,
    "fats": 0,
    "carbohydrates": 11
  }
},
{
  "model": "food.nutrient",
  "pk": 7,
  "fields": {
    "calories": 28,
    "proteins": 0,
    "fats": 0,
    "carbohydrates": 7
  }
},
{
  "model": "food.nutrient",
  "pk": 8,
  "fields": {
    "calories": 369,
    "proteins": 17,
    "fats": 2,
    "carbohydrates": 72
  }
},
{
  "model": "food.element",
  "pk": 1,
  "fields": {
    "slug": "voda",
    "description": "Питьевая вода — это вода, которая предназначена для ежедневного неограниченного и безопасного потребления человеком и другими живыми существами.\r\n\r\nГлавным отличием от столовых и минеральных вод является пониженное содержание солей (сухого остатка), а также наличие действующих стандартов на общий состав и свойства.",
    "title": "Вода",
    "rating": 1,
    "type": [
      1
    ]
  }
},
{
  "model": "food.element",
  "pk": 2,
  "fields": {
    "slug": "pshenica",
    "description": "",
    "title": "Пшеница",
    "rating": 2,
    "type": [
      2
    ]
  }
},
{
  "model": "food.element",
  "pk": 3,
  "fields": {
    "slug": "sahar-svekolnyj",
    "description": "Свекольный сахар производят из клубней сахарной свеклы, растущей в умеренном климате. Белые кристаллики сахара получаются после измельчения корнеплодов и многократной очистки разными методами.",
    "title": "Сахар свекольный",
    "rating": 3,
    "type": [
      4
    ]
  }
},
{
  "model": "food.element",
  "pk": 4,
  "fields": {
    "slug": "drozhzhi-hlebopekarnye",
    "description": "Хлебопека́рные дро́жжи (пе́карские дрожжи) — биологический разрыхлитель теста. Используются в основном в хлебопечении для приготовления теста из пшеничной муки и теста из смеси пшеничной и ржаной муки, а также для выпечки некоторых видов кондитерских изделий, например, кексов из сдобного дрожжевого теста.",
    "title": "Дрожжи хлебопекарные",
    "rating": 2,
    "type": [
      7
    ]
  }
},
{
  "model": "food.element",
  "pk": 5,
  "fields": {
    "slug": "solod-yachmennyj",
    "description": "Ячменный солод — полезный продукт, который используется в пивоварении и хлебопекарной деятельности. С его помощью добиваются особого вкуса, цвета и аромата. Самый полезный продукт — неферментированный солод, который получается в результате сушки, а не обжаривания.\r\nЯчменный солод богат витаминами группы В, А, С, Е, К, РР. Химический состав включает бета-каротин, лютеин, калий, магний, фосфор, натрий, кальций, марганец, железо, цинк, селен.",
    "title": "Солод ячменный",
    "rating": 1,
    "type": [
      8
    ]
  }
},
{
  "model": "food.element",
  "pk": 6,
  "fields": {
    "slug": "solod-rzhanoj",
    "description": "Солод ржаной – это продукт, получаемый благодаря искусственному проращиванию зерен ржи. Его ферментируют, подвергают сушке и измельчению. В процессе взаимодействия солода с дрожжами выделяется спирт, и это позволяет применять данный продукт в таких процессах и отраслях, как пивоварение, производство хлеба и дрожжей. Благодаря этой добавке хлеб становится более ароматным и вкусным, а также красивым и эластичным.",
    "title": "Солод ржаной",
    "rating": 1,
    "type": [
      8
    ]
  }
},
{
  "model": "food.element",
  "pk": 7,
  "fields": {
    "slug": "molochnokislye-bakterii",
    "description": "Молочнокислые бактерии — группа микроаэрофильных грамположительных микроорганизмов, сбраживающих углеводы с образованием молочной кислоты как одного из основных продуктов.\r\nМолочнокислое брожение стало известно людям на заре развития цивилизации. С тех пор им пользуются в домашних условиях и в пищевой промышленности для переработки и сохранения еды и напитков.",
    "title": "Молочнокислые бактерии",
    "rating": 2,
    "type": [
      6
    ]
  }
},
{
  "model": "food.element",
  "pk": 8,
  "fields": {
    "slug": "pyure-iz-yagod-brusniki",
    "description": "Брусника (Vaccínium vítis-idaea) — вечнозеленое низкорослое растение, принадлежащее к виду рода Вакцинум семейства Вересковые.\r\nУпотребление 100 грамм брусники обеспечит 139% рекомендуемой суточной нормы марганца, минерала, который является компонентом одного из основных антиоксидантных ферментов организма. Также такое количество ягод — это 12% рекомендуемой нормы витамина С и 10% рекомендуемой нормы витамина Е.",
    "title": "Пюре из ягод брусники",
    "rating": 1,
    "type": [
      9
    ]
  }
},
{
  "model": "food.element",
  "pk": 9,
  "fields": {
    "slug": "e150d",
    "description": "Е150d - Сахарный колер IV. Пищевая добавка E150d входит в группу добавок E150 (сахарный колер). Это краситель, устойчивый к повышенной кислотности продукта, воздействию света, перепадам температуры. Он подходит для продуктов, которые в процессе обработки и приготовления подвергаются высокой температуре и давлению, имеют высокую кислотность. Добавка E150d хорошо растворяется в воде, имеет высокую микробиологическую стабильность. Благодаря ей в готовом продукте не образуются вредные микроорганизмы. \r\n\r\nПищевой краситель E150d помогает устранить образование осадка в продуктах – за это отвечает свойство его молекул иметь положительный или отрицательный остаточный заряд (зависит от реагентов, используемых при производстве).\r\n\r\nКак и все виды добавок группы E150, краситель E150d производят при помощи термической обработки углеводов – глюкозы, сахарозы. Главное отличие от других добавок Е150 – в процессе производства в смесь для реакции добавляются аммонийные и сульфитные соединения (щелочи и кислоты). Так при производстве добавки Е150d могут использоваться: фосфат аммония, гидроксид аммония, серная кислота, сульфат аммония, сульфит и бисульфит аммония, сульфит и бисульфит натрия, сульфит и бисульфит калия, карбонат и гидрокарбонат аммония.\r\n\r\nОсновные характеристики добавки E150d:\r\n\r\nЦвет – темно-коричневый, почти черный (самый темный в группе);\r\nЗапах – жженый сахар;\r\nКонсистенция – порошок или раствор;\r\nВкус – горький.\r\nПищевая добавка E150d является самой опасной в классе E150. Согласно некоторым исследованиям, она имеет слабое канцерогенное действие, может вызывать онкологические заболевания и проблемы с желудочно-кишечным трактом. В то же время, согласно данным экспертного комитета ФАО/ВОЗ, краситель будет считаться безопасным для организма, если не превышается его максимальная суточная доза – 200 мг на 1 кг веса тела.",
    "title": "Е150d-Сахарный колер IV",
    "rating": 3,
    "type": [
      10
    ]
  }
},
{
  "model": "food.element",
  "pk": 10,
  "fields": {
    "slug": "e-338",
    "description": "E338 – Орто-фосфорная кислота.\r\nОртофосфорная кислота - неорганическое соединение, довольно слабая кислота. В пищевой промышленности используется в качестве регулятора кислотности и имеет маркировку Е338.\r\n\r\nХимическая формула ортофосфорной кислоты - H3PO4.\r\nЕще одним направлением использования ортофосфорной кислоты является удаление ржавчины. Данная кислота используется в различных средствах - преобразователях ржавчины. Она превращает гидроксид железа в черный фосфат железа, тем самым останавливая распространение коррозии.\r\nДобавка Е338 входит в список разрешенных пищевых добавок в Европейском союзе, Российской Федерации, Украине и многих других странах.",
    "title": "E-338 – Орто-фосфорная кислота",
    "rating": 2,
    "type": [
      10
    ]
  }
},
{
  "model": "food.element",
  "pk": 11,
  "fields": {
    "slug": "e-331iii",
    "description": "E-331(iii) – Цитрат натрия 3-замещенный.",
    "title": "E-331(iii)– Цитрат натрия 3-замещенный",
    "rating": 1,
    "type": [
      10
    ]
  }
},
{
  "model": "food.element",
  "pk": 12,
  "fields": {
    "slug": "e-952",
    "description": "Средство в продуктах питания обозначают как пищевую добавку Е952. На данный момент вещество разрешено более, чем в 56 странах мира, в том числе в ЕС. С 70-х годов его не применяют в США. Цикламат назначают в виде подсластителя для диабетиков, добавляют в различные лекарственные средства.\r\nФармакологическое действие:\r\nПодсластитель, заменитель сахара.",
    "title": "E-952 - Цикламат натрия",
    "rating": 3,
    "type": [
      10
    ]
  }
},
{
  "model": "food.element",
  "pk": 13,
  "fields": {
    "slug": "e-950",
    "description": "Ацесульфам калия (добавка E950) является одним из новых подсластителей, он также известен под названием ацесульфам К и распространяется под торговым названием «Sunett».\r\nКак и для большинства подсластителей вопрос безопасности Ацесульфама калия пока остается спорным. Некоторые критики обвиняют производителей в недостаточном изучении побочных явлений, связанным с его употреблением, и утверждают, что Ацесульфам калия может быть канцерогеном.",
    "title": "E-950 - Ацесульфам калия",
    "rating": 2,
    "type": [
      10
    ]
  }
},
{
  "model": "food.element",
  "pk": 14,
  "fields": {
    "slug": "e-951",
    "description": "Аспартам (пищевая добавка E951) является синтетическим, не сахаридным подсластителем, используемым в качестве заменителя сахара в целом ряде напитков и пищевых продуктов. Аспартам представляет из себя метиловый эфир дипептида, состоящий из стандартных аминокислот, таких как аспарагиновая и фенилаланин.\r\nЦелый ряд клинических и токсикологических исследований аспартама подтвердили его безвредность, при соблюдении дневной дозы не более 50 мг. на один килограмм веса.",
    "title": "Е-951 - Аспартам",
    "rating": 3,
    "type": [
      10
    ]
  }
},
{
  "model": "food.element",
  "pk": 15,
  "fields": {
    "slug": "kofein",
    "description": "это алкалоид пуринового ряда, бесцветные или белые горькие кристаллы.\r\n\r\nЯвляется психоактивным веществом, содержится в кофе, чае, мате, входит в состав энергетиков и многих прохладительных напитков. Также входит в состав аптечных препаратов.\r\n\r\nУ животных и человека кофеин стимулирует центральную нервную систему, усиливает сердечную деятельность, ускоряет пульс, вызывает расширение кровеносных сосудов, усиливает мочеотделение, снижает агрегацию тромбоцитов.",
    "title": "Кофеин",
    "rating": 2,
    "type": [
      10
    ]
  }
},
{
  "model": "food.element",
  "pk": 16,
  "fields": {
    "slug": "e-955",
    "description": "E955 – Сукралоза (трихлоргалактосахароза).\r\nискусственный подсластитель, используемый в качестве заменителя сахара и как пищевая добавка Е955 в большом количестве продуктов питания. Сукралоза была разработана английской фирмой Tate & Lyle[англ.] в 1976 году из обычного сахара и имеет вкусовые характеристики подобные сахару, при этом её сладость в 600 раз больше привычной сахарозы.",
    "title": "Е-955 - Сукралоза",
    "rating": 3,
    "type": [
      10
    ]
  }
},
{
  "model": "food.element",
  "pk": 17,
  "fields": {
    "slug": "muka-iz-krasnoj-chechevicy",
    "description": "Чечевица содержит большое количество растительного белка, который легко усваивается организмом. При этом содержание серных аминокислот и триптофана в чечевице ниже, чем в других бобовых. Чечевица содержит меньше жира, чем горох и является превосходным источником железа. В одной порции приготовленной чечевицы содержится 90% рекомендуемой дневной нормы фолиевой кислоты. Зерно чечевицы отличается высоким содержанием микроэлементов — кальция, калия, фосфора, железа, имеет в своем составе марганец, медь, молибден, бор, йод, кобальт, цинк, жирные кислоты из группы Омега-3, Омега-6, а также является хорошим источником витаминов группы В, содержит витамины РР, А, а прорастающие зерна — витамин С. По своим питательным свойствам чечевица может заменить хлеб, крупы и в значительной мере мясо.",
    "title": "Мука из красной чечевицы",
    "rating": 1,
    "type": [
      5
    ]
  }
},
{
  "model": "food.type",
  "pk": 1,
  "fields": {
    "slug": "voda",
    "description": "",
    "title": "Вода"
  }
},
{
  "model": "food.type",
  "pk": 2,
  "fields": {
    "slug": "makarony",
    "description": "",
    "title": "Макароны"
  }
},
{
  "model": "food.type",
  "pk": 3,
  "fields": {
    "slug": "zakvaski",
    "description": "Закваска — микробиологический (чаще всего, бактериальный) состав, вызывающий брожение. Используется для сквашивания молока с целью получения кисломолочных продуктов (в том числе сыра, йогурта, простокваши, кефира), для приготовления теста и напитков (в частности, кваса и пива).",
    "title": "Закваски"
  }
},
{
  "model": "food.type",
  "pk": 4,
  "fields": {
    "slug": "sahara",
    "description": "Сахар – бытовое название сахарозы; этот углевод состоит из глюкозы и фруктозы и имеет сладкий вкус.\r\nУпотребление избыточного количества сахара может быть причиной дефицита хрома,препятствует усвоению кальция и магния,снижает уровень витамина Е,повышает общий уровень холестерина и триглицеридов,приводит к изменению поведения (нарушение внимания,сонливость,усиление депрессии и т.д.),увеличивает риск развития ожирения,может вызывать головные боли и мигрени,способствует развитию хронических дегенеративных заболеваний,ускоряет старение,неблагоприятно влияет на состояние иммунной системы и т.д.",
    "title": "Сахара"
  }
},
{
  "model": "food.type",
  "pk": 5,
  "fields": {
    "slug": "muka",
    "description": "Мука — продукт, получаемый в результате перемалывания зерен различных культур. Самая популярная мука пшеничная, однако также ее делают из риса, полбы, ржи, ячменя, кукурузы. Пшеничная мука — ключевой ингредиент при приготовлении хлеба. Также мука необходима при приготовлении любой выпечки, пельменей, макарон, всех кондитерских изделий. Муку используют для панировки рыбы и мяса.",
    "title": "Мука"
  }
},
{
  "model": "food.type",
  "pk": 6,
  "fields": {
    "slug": "bakterii",
    "description": "Молочнокислые бактерии — используют углеводы для производства молочной кислоты.\r\n\r\nУксуснокислые бактерии — вырабатывают уксусную кислоту.\r\n\r\nПротеолитические бактерии — гидролизуют белки, продуцируя внеклеточные протеиназы.\r\n\r\nЛиполитические бактерии — гидролизуют триглицериды путём выработки внеклеточных липаз.\r\n\r\nСахаролитические бактерии — гидролизуют сложные углеводы.",
    "title": "Бактерии"
  }
},
{
  "model": "food.type",
  "pk": 7,
  "fields": {
    "slug": "drozhzhi",
    "description": "Дрожжи - это микроскопические микроорганизмы (одноклеточные грибы), которые в процессе размножения выделяют углекислый газ (и другие вещества), поднимающие и разрыхляющие тесто. Для выпечки используют 3 вида дрожжей: свежие прессованные, сухие (активные и быстрорастворимые) и дрожжевые закваски (опары).",
    "title": "Дрожжи"
  }
},
{
  "model": "food.type",
  "pk": 8,
  "fields": {
    "slug": "zernovye-kultury",
    "description": "Зерновые культуры — это группа возделываемых растений, которые дают зерно, основной продукт питания человека (крупу), сырьё для многих отраслей промышленности и корма для сельскохозяйственных животных.\r\nЦельное зерно хлебных зерновых культур содержит много углеводов, белков, ферментов, витаминов группы B, PP и провитамина А.",
    "title": "Зерновые культуры"
  }
},
{
  "model": "food.type",
  "pk": 9,
  "fields": {
    "slug": "yagody",
    "description": "Ягоды – летнее удовольствие, сезон каждой из них скоротечен (три-четыре недели). В конце апреля поспевает жимолость, в июне - садовая земляника (которую часто называют \"клубникой\") и черешня, затем абрикос и лесная земляника, за ними вишня и слива, потом черника и голубика, после - крыжовник, малина, смородина и облепиха, а осенью - брусника, морошка и клюква. Можно, конечно, довольствоваться импортными ягодами из супермаркетов (они доступны по большим ценам чуть ли не весь год), однако их полезность, как ни обидно, очень сомнительна. Поэтому собирайте и покупайте ягоды в сезон и не от случаю к случаю, а регулярно: каждодневное употребление летом малины, черники, крыжовника и смородины – гарантия вашего здоровья на весь будущий год.",
    "title": "Ягоды"
  }
},
{
  "model": "food.type",
  "pk": 10,
  "fields": {
    "slug": "krasiteli-i-pishevye-dobavki",
    "description": "Пищевы́е доба́вки — вещества, добавляемые в технологических целях в пищевые продукты в процессе производства, упаковки, транспортировки или хранения для придания им желаемых свойств, например, определённого аромата (ароматизаторы), цвета (красители), длительности хранения (консерванты), вкуса, консистенции и так далее.",
    "title": "Красители и пищевые добавки"
  }
},
{
  "model": "food.rating",
  "pk": 1,
  "fields": {
    "slug": "vysokij",
    "description": "",
    "title": "Высокий",
    "rating_num": 5
  }
},
{
  "model": "food.rating",
  "pk": 2,
  "fields": {
    "slug": "srednij",
    "description": "",
    "title": "Средний",
    "rating_num": 3
  }
},
{
  "model": "food.rating",
  "pk": 3,
  "fields": {
    "slug": "nizkij",
    "description": "",
    "title": "Низкий",
    "rating_num": 1
  }
}
]
