[
{
  "model": "admin.logentry",
  "pk": 1,
  "fields": {
    "action_time": "2024-07-23T09:16:10.290Z",
    "user": 1,
    "content_type": 11,
    "object_id": "1",
    "object_repr": "Вода",
    "action_flag": 1,
    "change_message": "[{\"added\": {}}]"
  }
},
{
  "model": "admin.logentry",
  "pk": 2,
  "fields": {
    "action_time": "2024-07-23T09:16:33.327Z",
    "user": 1,
    "content_type": 10,
    "object_id": "1",
    "object_repr": "Высокий",
    "action_flag": 1,
    "change_message": "[{\"added\": {}}]"
  }
},
{
  "model": "admin.logentry",
  "pk": 3,
  "fields": {
    "action_time": "2024-07-23T09:16:48.840Z",
    "user": 1,
    "content_type": 8,
    "object_id": "1",
    "object_repr": "Вода",
    "action_flag": 1,
    "change_message": "[{\"added\": {}}]"
  }
},
{
  "model": "admin.logentry",
  "pk": 4,
  "fields": {
    "action_time": "2024-07-23T09:17:02.779Z",
    "user": 1,
    "content_type": 13,
    "object_id": "1",
    "object_repr": "Price object (1)",
    "action_flag": 1,
    "change_message": "[{\"added\": {}}]"
  }
},
{
  "model": "admin.logentry",
  "pk": 5,
  "fields": {
    "action_time": "2024-07-23T09:17:19.052Z",
    "user": 1,
    "content_type": 7,
    "object_id": "1",
    "object_repr": "Питьевые напитки",
    "action_flag": 1,
    "change_message": "[{\"added\": {}}]"
  }
},
{
  "model": "admin.logentry",
  "pk": 6,
  "fields": {
    "action_time": "2024-07-23T09:17:36.218Z",
    "user": 1,
    "content_type": 9,
    "object_id": "1",
    "object_repr": "Nutrient object (1)",
    "action_flag": 1,
    "change_message": "[{\"added\": {}}]"
  }
},
{
  "model": "admin.logentry",
  "pk": 7,
  "fields": {
    "action_time": "2024-07-23T09:18:22.102Z",
    "user": 1,
    "content_type": 12,
    "object_id": "1",
    "object_repr": "Вода",
    "action_flag": 1,
    "change_message": "[{\"added\": {}}]"
  }
},
{
  "model": "admin.logentry",
  "pk": 8,
  "fields": {
    "action_time": "2024-07-23T09:18:53.091Z",
    "user": 1,
    "content_type": 11,
    "object_id": "2",
    "object_repr": "Макароны",
    "action_flag": 1,
    "change_message": "[{\"added\": {}}]"
  }
},
{
  "model": "admin.logentry",
  "pk": 9,
  "fields": {
    "action_time": "2024-07-23T09:19:02.686Z",
    "user": 1,
    "content_type": 10,
    "object_id": "2",
    "object_repr": "Средний",
    "action_flag": 1,
    "change_message": "[{\"added\": {}}]"
  }
},
{
  "model": "admin.logentry",
  "pk": 10,
  "fields": {
    "action_time": "2024-07-23T09:19:08.129Z",
    "user": 1,
    "content_type": 10,
    "object_id": "3",
    "object_repr": "Низкий",
    "action_flag": 1,
    "change_message": "[{\"added\": {}}]"
  }
},
{
  "model": "admin.logentry",
  "pk": 11,
  "fields": {
    "action_time": "2024-07-23T09:19:20.569Z",
    "user": 1,
    "content_type": 13,
    "object_id": "2",
    "object_repr": "Price object (2)",
    "action_flag": 1,
    "change_message": "[{\"added\": {}}]"
  }
},
{
  "model": "admin.logentry",
  "pk": 12,
  "fields": {
    "action_time": "2024-07-23T09:19:34.126Z",
    "user": 1,
    "content_type": 8,
    "object_id": "2",
    "object_repr": "Пшеница",
    "action_flag": 1,
    "change_message": "[{\"added\": {}}]"
  }
},
{
  "model": "admin.logentry",
  "pk": 13,
  "fields": {
    "action_time": "2024-07-23T09:19:55.730Z",
    "user": 1,
    "content_type": 9,
    "object_id": "2",
    "object_repr": "Nutrient object (2)",
    "action_flag": 1,
    "change_message": "[{\"added\": {}}]"
  }
},
{
  "model": "admin.logentry",
  "pk": 14,
  "fields": {
    "action_time": "2024-07-23T09:20:02.728Z",
    "user": 1,
    "content_type": 7,
    "object_id": "2",
    "object_repr": "Макароны",
    "action_flag": 1,
    "change_message": "[{\"added\": {}}]"
  }
},
{
  "model": "admin.logentry",
  "pk": 15,
  "fields": {
    "action_time": "2024-07-23T09:20:40.365Z",
    "user": 1,
    "content_type": 12,
    "object_id": "2",
    "object_repr": "Макароны",
    "action_flag": 1,
    "change_message": "[{\"added\": {}}]"
  }
},
{
  "model": "admin.logentry",
  "pk": 16,
  "fields": {
    "action_time": "2024-07-23T19:30:56.542Z",
    "user": 1,
    "content_type": 7,
    "object_id": "3",
    "object_repr": "Безалкогольные напитки",
    "action_flag": 1,
    "change_message": "[{\"added\": {}}]"
  }
},
{
  "model": "admin.logentry",
  "pk": 17,
  "fields": {
    "action_time": "2024-07-23T19:31:35.563Z",
    "user": 1,
    "content_type": 7,
    "object_id": "2",
    "object_repr": "Макароны",
    "action_flag": 2,
    "change_message": "[{\"changed\": {\"fields\": [\"\\u041e\\u043f\\u0438\\u0441\\u0430\\u043d\\u0438\\u0435\"]}}]"
  }
},
{
  "model": "admin.logentry",
  "pk": 18,
  "fields": {
    "action_time": "2024-07-23T19:32:23.813Z",
    "user": 1,
    "content_type": 7,
    "object_id": "4",
    "object_repr": "Сыры",
    "action_flag": 1,
    "change_message": "[{\"added\": {}}]"
  }
},
{
  "model": "admin.logentry",
  "pk": 19,
  "fields": {
    "action_time": "2024-07-23T19:34:20.025Z",
    "user": 1,
    "content_type": 7,
    "object_id": "5",
    "object_repr": "Хлеб и выпечка",
    "action_flag": 1,
    "change_message": "[{\"added\": {}}]"
  }
},
{
  "model": "admin.logentry",
  "pk": 20,
  "fields": {
    "action_time": "2024-07-23T19:35:07.761Z",
    "user": 1,
    "content_type": 7,
    "object_id": "6",
    "object_repr": "Колбасы и мясные деликатесы",
    "action_flag": 1,
    "change_message": "[{\"added\": {}}]"
  }
},
{
  "model": "admin.logentry",
  "pk": 21,
  "fields": {
    "action_time": "2024-07-23T19:38:22.567Z",
    "user": 1,
    "content_type": 11,
    "object_id": "3",
    "object_repr": "Закваски",
    "action_flag": 1,
    "change_message": "[{\"added\": {}}]"
  }
},
{
  "model": "admin.logentry",
  "pk": 22,
  "fields": {
    "action_time": "2024-07-23T19:38:40.282Z",
    "user": 1,
    "content_type": 11,
    "object_id": "4",
    "object_repr": "Сахара",
    "action_flag": 1,
    "change_message": "[{\"added\": {}}]"
  }
},
{
  "model": "admin.logentry",
  "pk": 23,
  "fields": {
    "action_time": "2024-07-23T19:38:53.137Z",
    "user": 1,
    "content_type": 11,
    "object_id": "5",
    "object_repr": "Мука",
    "action_flag": 1,
    "change_message": "[{\"added\": {}}]"
  }
},
{
  "model": "admin.logentry",
  "pk": 24,
  "fields": {
    "action_time": "2024-07-23T19:39:02.957Z",
    "user": 1,
    "content_type": 11,
    "object_id": "6",
    "object_repr": "Бактерии",
    "action_flag": 1,
    "change_message": "[{\"added\": {}}]"
  }
},
{
  "model": "admin.logentry",
  "pk": 25,
  "fields": {
    "action_time": "2024-07-23T19:39:57.984Z",
    "user": 1,
    "content_type": 8,
    "object_id": "1",
    "object_repr": "Вода",
    "action_flag": 2,
    "change_message": "[{\"changed\": {\"fields\": [\"\\u041e\\u043f\\u0438\\u0441\\u0430\\u043d\\u0438\\u0435\"]}}]"
  }
},
{
  "model": "admin.logentry",
  "pk": 26,
  "fields": {
    "action_time": "2024-07-23T19:40:40.516Z",
    "user": 1,
    "content_type": 8,
    "object_id": "3",
    "object_repr": "Сахар свекольный",
    "action_flag": 1,
    "change_message": "[{\"added\": {}}]"
  }
},
{
  "model": "admin.logentry",
  "pk": 27,
  "fields": {
    "action_time": "2024-07-23T19:41:11.748Z",
    "user": 1,
    "content_type": 11,
    "object_id": "7",
    "object_repr": "Дрожжи",
    "action_flag": 1,
    "change_message": "[{\"added\": {}}]"
  }
},
{
  "model": "admin.logentry",
  "pk": 28,
  "fields": {
    "action_time": "2024-07-23T19:41:42.092Z",
    "user": 1,
    "content_type": 8,
    "object_id": "4",
    "object_repr": "Дрожжи хлебопекарные",
    "action_flag": 1,
    "change_message": "[{\"added\": {}}]"
  }
},
{
  "model": "admin.logentry",
  "pk": 29,
  "fields": {
    "action_time": "2024-07-23T19:43:29.371Z",
    "user": 1,
    "content_type": 11,
    "object_id": "8",
    "object_repr": "Зерновые культуры",
    "action_flag": 1,
    "change_message": "[{\"added\": {}}]"
  }
},
{
  "model": "admin.logentry",
  "pk": 30,
  "fields": {
    "action_time": "2024-07-23T19:43:45.908Z",
    "user": 1,
    "content_type": 11,
    "object_id": "7",
    "object_repr": "Дрожжи",
    "action_flag": 2,
    "change_message": "[{\"changed\": {\"fields\": [\"\\u041e\\u043f\\u0438\\u0441\\u0430\\u043d\\u0438\\u0435\"]}}]"
  }
},
{
  "model": "admin.logentry",
  "pk": 31,
  "fields": {
    "action_time": "2024-07-23T19:45:27.150Z",
    "user": 1,
    "content_type": 11,
    "object_id": "5",
    "object_repr": "Мука",
    "action_flag": 2,
    "change_message": "[{\"changed\": {\"fields\": [\"\\u041e\\u043f\\u0438\\u0441\\u0430\\u043d\\u0438\\u0435\"]}}]"
  }
},
{
  "model": "admin.logentry",
  "pk": 32,
  "fields": {
    "action_time": "2024-07-23T19:46:12.862Z",
    "user": 1,
    "content_type": 11,
    "object_id": "4",
    "object_repr": "Сахара",
    "action_flag": 2,
    "change_message": "[{\"changed\": {\"fields\": [\"\\u041e\\u043f\\u0438\\u0441\\u0430\\u043d\\u0438\\u0435\"]}}]"
  }
},
{
  "model": "admin.logentry",
  "pk": 33,
  "fields": {
    "action_time": "2024-07-23T19:46:31.600Z",
    "user": 1,
    "content_type": 11,
    "object_id": "3",
    "object_repr": "Закваски",
    "action_flag": 2,
    "change_message": "[{\"changed\": {\"fields\": [\"\\u041e\\u043f\\u0438\\u0441\\u0430\\u043d\\u0438\\u0435\"]}}]"
  }
},
{
  "model": "admin.logentry",
  "pk": 34,
  "fields": {
    "action_time": "2024-07-23T19:47:24.543Z",
    "user": 1,
    "content_type": 8,
    "object_id": "5",
    "object_repr": "Солод ячменный",
    "action_flag": 1,
    "change_message": "[{\"added\": {}}]"
  }
},
{
  "model": "admin.logentry",
  "pk": 35,
  "fields": {
    "action_time": "2024-07-23T19:48:22.062Z",
    "user": 1,
    "content_type": 8,
    "object_id": "6",
    "object_repr": "Солод ржаной",
    "action_flag": 1,
    "change_message": "[{\"added\": {}}]"
  }
},
{
  "model": "admin.logentry",
  "pk": 36,
  "fields": {
    "action_time": "2024-07-23T19:49:32.300Z",
    "user": 1,
    "content_type": 8,
    "object_id": "7",
    "object_repr": "Молочнокислые бактерии",
    "action_flag": 1,
    "change_message": "[{\"added\": {}}]"
  }
},
{
  "model": "admin.logentry",
  "pk": 37,
  "fields": {
    "action_time": "2024-07-23T19:58:21.617Z",
    "user": 1,
    "content_type": 9,
    "object_id": "3",
    "object_repr": "Калории: 24, Белки: 1, Жиры: 0, Углеводы: 2",
    "action_flag": 1,
    "change_message": "[{\"added\": {}}]"
  }
},
{
  "model": "admin.logentry",
  "pk": 38,
  "fields": {
    "action_time": "2024-07-23T19:58:42.939Z",
    "user": 1,
    "content_type": 9,
    "object_id": "2",
    "object_repr": "Калории: 100, Белки: 4, Жиры: 8, Углеводы: 12",
    "action_flag": 3,
    "change_message": ""
  }
},
{
  "model": "admin.logentry",
  "pk": 39,
  "fields": {
    "action_time": "2024-07-23T19:59:40.611Z",
    "user": 1,
    "content_type": 12,
    "object_id": "1",
    "object_repr": "Вода",
    "action_flag": 2,
    "change_message": "[{\"changed\": {\"fields\": [\"\\u041a\\u0430\\u0442\\u0435\\u0433\\u043e\\u0440\\u0438\\u044f\"]}}]"
  }
},
{
  "model": "admin.logentry",
  "pk": 40,
  "fields": {
    "action_time": "2024-07-23T19:59:54.262Z",
    "user": 1,
    "content_type": 7,
    "object_id": "1",
    "object_repr": "Питьевые напитки",
    "action_flag": 3,
    "change_message": ""
  }
},
{
  "model": "admin.logentry",
  "pk": 41,
  "fields": {
    "action_time": "2024-07-23T20:00:37.566Z",
    "user": 1,
    "content_type": 13,
    "object_id": "3",
    "object_repr": "82",
    "action_flag": 1,
    "change_message": "[{\"added\": {}}]"
  }
},
{
  "model": "admin.logentry",
  "pk": 42,
  "fields": {
    "action_time": "2024-07-23T20:00:39.340Z",
    "user": 1,
    "content_type": 12,
    "object_id": "3",
    "object_repr": "Квас",
    "action_flag": 1,
    "change_message": "[{\"added\": {}}]"
  }
},
{
  "model": "admin.logentry",
  "pk": 43,
  "fields": {
    "action_time": "2024-07-23T20:05:54.919Z",
    "user": 1,
    "content_type": 11,
    "object_id": "6",
    "object_repr": "Бактерии",
    "action_flag": 2,
    "change_message": "[{\"changed\": {\"fields\": [\"\\u041e\\u043f\\u0438\\u0441\\u0430\\u043d\\u0438\\u0435\"]}}]"
  }
},
{
  "model": "admin.logentry",
  "pk": 44,
  "fields": {
    "action_time": "2024-07-23T20:31:27.074Z",
    "user": 1,
    "content_type": 13,
    "object_id": "4",
    "object_repr": "126",
    "action_flag": 1,
    "change_message": "[{\"added\": {}}]"
  }
},
{
  "model": "admin.logentry",
  "pk": 45,
  "fields": {
    "action_time": "2024-07-23T20:32:28.834Z",
    "user": 1,
    "content_type": 9,
    "object_id": "4",
    "object_repr": "Калории: 124, Белки: 6, Жиры: 2, Углеводы: 54",
    "action_flag": 1,
    "change_message": "[{\"added\": {}}]"
  }
},
{
  "model": "admin.logentry",
  "pk": 46,
  "fields": {
    "action_time": "2024-07-23T20:32:32.363Z",
    "user": 1,
    "content_type": 12,
    "object_id": "2",
    "object_repr": "Макароны из пшеницы",
    "action_flag": 2,
    "change_message": "[{\"changed\": {\"fields\": [\"\\u041d\\u0430\\u0437\\u0432\\u0430\\u043d\\u0438\\u0435 \\u043f\\u0440\\u043e\\u0434\\u0443\\u043a\\u0442\\u0430\", \"URL\", \"\\u041e\\u043f\\u0438\\u0441\\u0430\\u043d\\u0438\\u0435\", \"\\u0426\\u0435\\u043d\\u0430 \\u043f\\u0440\\u043e\\u0434\\u0443\\u043a\\u0442\\u0430, \\u20bd\", \"\\u042d\\u043b\\u0435\\u043c\\u0435\\u043d\\u0442\", \"\\u041a\\u0411\\u0416\\u0423\"]}}]"
  }
},
{
  "model": "admin.logentry",
  "pk": 47,
  "fields": {
    "action_time": "2024-07-23T20:32:54.359Z",
    "user": 1,
    "content_type": 13,
    "object_id": "2",
    "object_repr": "88.00",
    "action_flag": 3,
    "change_message": ""
  }
},
{
  "model": "admin.logentry",
  "pk": 48,
  "fields": {
    "action_time": "2024-07-23T20:36:06.604Z",
    "user": 1,
    "content_type": 11,
    "object_id": "9",
    "object_repr": "Ягоды",
    "action_flag": 1,
    "change_message": "[{\"added\": {}}]"
  }
},
{
  "model": "admin.logentry",
  "pk": 49,
  "fields": {
    "action_time": "2024-07-23T20:36:10.414Z",
    "user": 1,
    "content_type": 8,
    "object_id": "8",
    "object_repr": "Пюре из ягод брусники",
    "action_flag": 1,
    "change_message": "[{\"added\": {}}]"
  }
},
{
  "model": "admin.logentry",
  "pk": 50,
  "fields": {
    "action_time": "2024-07-23T20:36:59.547Z",
    "user": 1,
    "content_type": 13,
    "object_id": "5",
    "object_repr": "125",
    "action_flag": 1,
    "change_message": "[{\"added\": {}}]"
  }
},
{
  "model": "admin.logentry",
  "pk": 51,
  "fields": {
    "action_time": "2024-07-23T20:37:36.853Z",
    "user": 1,
    "content_type": 9,
    "object_id": "5",
    "object_repr": "Калории: 42, Белки: 0, Жиры: 0, Углеводы: 11",
    "action_flag": 1,
    "change_message": "[{\"added\": {}}]"
  }
},
{
  "model": "admin.logentry",
  "pk": 52,
  "fields": {
    "action_time": "2024-07-23T20:37:51.362Z",
    "user": 1,
    "content_type": 12,
    "object_id": "4",
    "object_repr": "Морс брусничный",
    "action_flag": 1,
    "change_message": "[{\"added\": {}}]"
  }
},
{
  "model": "admin.logentry",
  "pk": 53,
  "fields": {
    "action_time": "2024-07-23T20:39:48.931Z",
    "user": 1,
    "content_type": 11,
    "object_id": "10",
    "object_repr": "Красители и пищевые добавки",
    "action_flag": 1,
    "change_message": "[{\"added\": {}}]"
  }
},
{
  "model": "admin.logentry",
  "pk": 54,
  "fields": {
    "action_time": "2024-07-23T20:41:28.573Z",
    "user": 1,
    "content_type": 8,
    "object_id": "9",
    "object_repr": "Е150d",
    "action_flag": 1,
    "change_message": "[{\"added\": {}}]"
  }
},
{
  "model": "admin.logentry",
  "pk": 55,
  "fields": {
    "action_time": "2024-07-23T20:41:45.080Z",
    "user": 1,
    "content_type": 8,
    "object_id": "9",
    "object_repr": "Е150d-Сахарный колер IV",
    "action_flag": 2,
    "change_message": "[{\"changed\": {\"fields\": [\"\\u041d\\u0430\\u0437\\u0432\\u0430\\u043d\\u0438\\u0435 \\u044d\\u043b\\u0435\\u043c\\u0435\\u043d\\u0442\\u0430\"]}}]"
  }
},
{
  "model": "admin.logentry",
  "pk": 56,
  "fields": {
    "action_time": "2024-07-23T20:43:05.808Z",
    "user": 1,
    "content_type": 8,
    "object_id": "10",
    "object_repr": "E-338 – Орто-фосфорная кислота",
    "action_flag": 1,
    "change_message": "[{\"added\": {}}]"
  }
},
{
  "model": "admin.logentry",
  "pk": 57,
  "fields": {
    "action_time": "2024-07-23T20:44:21.699Z",
    "user": 1,
    "content_type": 8,
    "object_id": "11",
    "object_repr": "E-331(iii)– Цитрат натрия 3-замещенный",
    "action_flag": 1,
    "change_message": "[{\"added\": {}}]"
  }
},
{
  "model": "admin.logentry",
  "pk": 58,
  "fields": {
    "action_time": "2024-07-23T20:45:44.815Z",
    "user": 1,
    "content_type": 8,
    "object_id": "12",
    "object_repr": "E-952 - Цикламат натрия",
    "action_flag": 1,
    "change_message": "[{\"added\": {}}]"
  }
},
{
  "model": "admin.logentry",
  "pk": 59,
  "fields": {
    "action_time": "2024-07-23T20:47:01.935Z",
    "user": 1,
    "content_type": 8,
    "object_id": "13",
    "object_repr": "E-950 - Ацесульфам калия",
    "action_flag": 1,
    "change_message": "[{\"added\": {}}]"
  }
},
{
  "model": "admin.logentry",
  "pk": 60,
  "fields": {
    "action_time": "2024-07-23T20:47:47.365Z",
    "user": 1,
    "content_type": 8,
    "object_id": "14",
    "object_repr": "Е-951 - Аспартам",
    "action_flag": 1,
    "change_message": "[{\"added\": {}}]"
  }
},
{
  "model": "admin.logentry",
  "pk": 61,
  "fields": {
    "action_time": "2024-07-23T20:48:38.500Z",
    "user": 1,
    "content_type": 8,
    "object_id": "15",
    "object_repr": "Кофеин",
    "action_flag": 1,
    "change_message": "[{\"added\": {}}]"
  }
},
{
  "model": "admin.logentry",
  "pk": 62,
  "fields": {
    "action_time": "2024-07-23T20:50:04.608Z",
    "user": 1,
    "content_type": 13,
    "object_id": "6",
    "object_repr": "76",
    "action_flag": 1,
    "change_message": "[{\"added\": {}}]"
  }
},
{
  "model": "admin.logentry",
  "pk": 63,
  "fields": {
    "action_time": "2024-07-23T20:50:44.624Z",
    "user": 1,
    "content_type": 9,
    "object_id": "6",
    "object_repr": "Калории: 42, Белки: 0, Жиры: 0, Углеводы: 11",
    "action_flag": 1,
    "change_message": "[{\"added\": {}}]"
  }
},
{
  "model": "admin.logentry",
  "pk": 64,
  "fields": {
    "action_time": "2024-07-23T20:50:46.168Z",
    "user": 1,
    "content_type": 12,
    "object_id": "5",
    "object_repr": "Добрый кола",
    "action_flag": 1,
    "change_message": "[{\"added\": {}}]"
  }
},
{
  "model": "admin.logentry",
  "pk": 65,
  "fields": {
    "action_time": "2024-07-23T20:52:25.046Z",
    "user": 1,
    "content_type": 8,
    "object_id": "16",
    "object_repr": "Е-955 - Сукралоза",
    "action_flag": 1,
    "change_message": "[{\"added\": {}}]"
  }
},
{
  "model": "admin.logentry",
  "pk": 66,
  "fields": {
    "action_time": "2024-07-23T20:53:45.366Z",
    "user": 1,
    "content_type": 13,
    "object_id": "7",
    "object_repr": "96",
    "action_flag": 1,
    "change_message": "[{\"added\": {}}]"
  }
},
{
  "model": "admin.logentry",
  "pk": 67,
  "fields": {
    "action_time": "2024-07-23T20:54:43.022Z",
    "user": 1,
    "content_type": 9,
    "object_id": "7",
    "object_repr": "Калории: 28, Белки: 0, Жиры: 0, Углеводы: 7",
    "action_flag": 1,
    "change_message": "[{\"added\": {}}]"
  }
},
{
  "model": "admin.logentry",
  "pk": 68,
  "fields": {
    "action_time": "2024-07-23T20:54:45.920Z",
    "user": 1,
    "content_type": 12,
    "object_id": "6",
    "object_repr": "Доктор Пеппер",
    "action_flag": 1,
    "change_message": "[{\"added\": {}}]"
  }
},
{
  "model": "admin.logentry",
  "pk": 69,
  "fields": {
    "action_time": "2024-07-23T21:10:35.049Z",
    "user": 1,
    "content_type": 8,
    "object_id": "17",
    "object_repr": "Мука из красной чечевицы",
    "action_flag": 1,
    "change_message": "[{\"added\": {}}]"
  }
},
{
  "model": "admin.logentry",
  "pk": 70,
  "fields": {
    "action_time": "2024-07-23T21:10:50.934Z",
    "user": 1,
    "content_type": 8,
    "object_id": "17",
    "object_repr": "Мука из красной чечевицы",
    "action_flag": 2,
    "change_message": "[]"
  }
},
{
  "model": "admin.logentry",
  "pk": 71,
  "fields": {
    "action_time": "2024-07-23T21:11:59.455Z",
    "user": 1,
    "content_type": 13,
    "object_id": "8",
    "object_repr": "220",
    "action_flag": 1,
    "change_message": "[{\"added\": {}}]"
  }
},
{
  "model": "admin.logentry",
  "pk": 72,
  "fields": {
    "action_time": "2024-07-23T21:12:33.423Z",
    "user": 1,
    "content_type": 9,
    "object_id": "8",
    "object_repr": "Калории: 369, Белки: 17, Жиры: 2, Углеводы: 72",
    "action_flag": 1,
    "change_message": "[{\"added\": {}}]"
  }
},
{
  "model": "admin.logentry",
  "pk": 73,
  "fields": {
    "action_time": "2024-07-23T21:12:34.559Z",
    "user": 1,
    "content_type": 12,
    "object_id": "7",
    "object_repr": "Макароны из красной чечевицы",
    "action_flag": 1,
    "change_message": "[{\"added\": {}}]"
  }
},
{
  "model": "admin.logentry",
  "pk": 74,
  "fields": {
    "action_time": "2024-07-24T08:35:54.510Z",
    "user": 1,
    "content_type": 11,
    "object_id": "11",
    "object_repr": "Молоко",
    "action_flag": 1,
    "change_message": "[{\"added\": {}}]"
  }
},
{
  "model": "admin.logentry",
  "pk": 75,
  "fields": {
    "action_time": "2024-07-24T08:36:15.464Z",
    "user": 1,
    "content_type": 11,
    "object_id": "12",
    "object_repr": "Сливки",
    "action_flag": 1,
    "change_message": "[{\"added\": {}}]"
  }
},
{
  "model": "admin.logentry",
  "pk": 76,
  "fields": {
    "action_time": "2024-07-24T08:36:40.149Z",
    "user": 1,
    "content_type": 11,
    "object_id": "13",
    "object_repr": "Соль",
    "action_flag": 1,
    "change_message": "[{\"added\": {}}]"
  }
},
{
  "model": "admin.logentry",
  "pk": 77,
  "fields": {
    "action_time": "2024-07-24T08:37:04.887Z",
    "user": 1,
    "content_type": 11,
    "object_id": "14",
    "object_repr": "Лимонная кислота",
    "action_flag": 1,
    "change_message": "[{\"added\": {}}]"
  }
},
{
  "model": "admin.logentry",
  "pk": 78,
  "fields": {
    "action_time": "2024-07-24T08:39:09.648Z",
    "user": 1,
    "content_type": 11,
    "object_id": "15",
    "object_repr": "Молочные продукты",
    "action_flag": 1,
    "change_message": "[{\"added\": {}}]"
  }
},
{
  "model": "admin.logentry",
  "pk": 79,
  "fields": {
    "action_time": "2024-07-24T08:39:19.983Z",
    "user": 1,
    "content_type": 8,
    "object_id": "18",
    "object_repr": "Молоко",
    "action_flag": 1,
    "change_message": "[{\"added\": {}}]"
  }
},
{
  "model": "admin.logentry",
  "pk": 80,
  "fields": {
    "action_time": "2024-07-24T08:39:39.535Z",
    "user": 1,
    "content_type": 8,
    "object_id": "19",
    "object_repr": "Сливки",
    "action_flag": 1,
    "change_message": "[{\"added\": {}}]"
  }
},
{
  "model": "admin.logentry",
  "pk": 81,
  "fields": {
    "action_time": "2024-07-24T08:39:56.046Z",
    "user": 1,
    "content_type": 11,
    "object_id": "13",
    "object_repr": "Соль",
    "action_flag": 2,
    "change_message": "[{\"changed\": {\"fields\": [\"\\u041e\\u043f\\u0438\\u0441\\u0430\\u043d\\u0438\\u0435\"]}}]"
  }
},
{
  "model": "admin.logentry",
  "pk": 82,
  "fields": {
    "action_time": "2024-07-24T08:40:05.947Z",
    "user": 1,
    "content_type": 8,
    "object_id": "20",
    "object_repr": "Соль",
    "action_flag": 1,
    "change_message": "[{\"added\": {}}]"
  }
},
{
  "model": "admin.logentry",
  "pk": 83,
  "fields": {
    "action_time": "2024-07-24T08:40:30.966Z",
    "user": 1,
    "content_type": 8,
    "object_id": "21",
    "object_repr": "Лимонная кислота",
    "action_flag": 1,
    "change_message": "[{\"added\": {}}]"
  }
},
{
  "model": "admin.logentry",
  "pk": 84,
  "fields": {
    "action_time": "2024-07-24T08:40:40.751Z",
    "user": 1,
    "content_type": 11,
    "object_id": "14",
    "object_repr": "Лимонная кислота",
    "action_flag": 3,
    "change_message": ""
  }
},
{
  "model": "admin.logentry",
  "pk": 85,
  "fields": {
    "action_time": "2024-07-24T08:40:40.767Z",
    "user": 1,
    "content_type": 11,
    "object_id": "12",
    "object_repr": "Сливки",
    "action_flag": 3,
    "change_message": ""
  }
},
{
  "model": "admin.logentry",
  "pk": 86,
  "fields": {
    "action_time": "2024-07-24T08:40:40.770Z",
    "user": 1,
    "content_type": 11,
    "object_id": "11",
    "object_repr": "Молоко",
    "action_flag": 3,
    "change_message": ""
  }
},
{
  "model": "admin.logentry",
  "pk": 87,
  "fields": {
    "action_time": "2024-07-24T08:41:02.276Z",
    "user": 1,
    "content_type": 13,
    "object_id": "9",
    "object_repr": "326",
    "action_flag": 1,
    "change_message": "[{\"added\": {}}]"
  }
},
{
  "model": "admin.logentry",
  "pk": 88,
  "fields": {
    "action_time": "2024-07-24T08:42:48.808Z",
    "user": 1,
    "content_type": 9,
    "object_id": "9",
    "object_repr": "Калории: 230, Белки: 16, Жиры: 18, Углеводы: 1 ",
    "action_flag": 1,
    "change_message": "[{\"added\": {}}]"
  }
},
{
  "model": "admin.logentry",
  "pk": 89,
  "fields": {
    "action_time": "2024-07-24T08:42:55.153Z",
    "user": 1,
    "content_type": 12,
    "object_id": "8",
    "object_repr": "Сыр \"Страчателла\"",
    "action_flag": 1,
    "change_message": "[{\"added\": {}}]"
  }
},
{
  "model": "admin.logentry",
  "pk": 90,
  "fields": {
    "action_time": "2024-07-24T08:43:51.072Z",
    "user": 1,
    "content_type": 12,
    "object_id": "8",
    "object_repr": "Сыр \"Страчателла\"",
    "action_flag": 2,
    "change_message": "[{\"changed\": {\"fields\": [\"\\u0418\\u0437\\u043e\\u0431\\u0440\\u0430\\u0436\\u0435\\u043d\\u0438\\u0435\"]}}]"
  }
},
{
  "model": "admin.logentry",
  "pk": 91,
  "fields": {
    "action_time": "2024-07-24T08:44:57.074Z",
    "user": 1,
    "content_type": 8,
    "object_id": "22",
    "object_repr": "Лизоцим",
    "action_flag": 1,
    "change_message": "[{\"added\": {}}]"
  }
},
{
  "model": "admin.logentry",
  "pk": 92,
  "fields": {
    "action_time": "2024-07-24T08:45:21.102Z",
    "user": 1,
    "content_type": 8,
    "object_id": "23",
    "object_repr": "Аннато",
    "action_flag": 1,
    "change_message": "[{\"added\": {}}]"
  }
},
{
  "model": "admin.logentry",
  "pk": 93,
  "fields": {
    "action_time": "2024-07-24T08:45:51.460Z",
    "user": 1,
    "content_type": 13,
    "object_id": "10",
    "object_repr": "315",
    "action_flag": 1,
    "change_message": "[{\"added\": {}}]"
  }
},
{
  "model": "admin.logentry",
  "pk": 94,
  "fields": {
    "action_time": "2024-07-24T08:46:45.375Z",
    "user": 1,
    "content_type": 9,
    "object_id": "10",
    "object_repr": "Калории: 319, Белки: 25, Жиры: 24, Углеводы: 0 ",
    "action_flag": 1,
    "change_message": "[{\"added\": {}}]"
  }
},
{
  "model": "admin.logentry",
  "pk": 95,
  "fields": {
    "action_time": "2024-07-24T08:46:47.724Z",
    "user": 1,
    "content_type": 12,
    "object_id": "9",
    "object_repr": "Сыр \"Гауда\"",
    "action_flag": 1,
    "change_message": "[{\"added\": {}}]"
  }
},
{
  "model": "admin.logentry",
  "pk": 96,
  "fields": {
    "action_time": "2024-07-24T08:48:28.617Z",
    "user": 1,
    "content_type": 8,
    "object_id": "24",
    "object_repr": "Е-509 - Хлорид кальция",
    "action_flag": 1,
    "change_message": "[{\"added\": {}}]"
  }
},
{
  "model": "admin.logentry",
  "pk": 97,
  "fields": {
    "action_time": "2024-07-24T08:49:26.705Z",
    "user": 1,
    "content_type": 13,
    "object_id": "11",
    "object_repr": "154",
    "action_flag": 1,
    "change_message": "[{\"added\": {}}]"
  }
},
{
  "model": "admin.logentry",
  "pk": 98,
  "fields": {
    "action_time": "2024-07-24T08:49:56.978Z",
    "user": 1,
    "content_type": 9,
    "object_id": "11",
    "object_repr": "Калории: 252, Белки: 18, Жиры: 20, Углеводы: 0 ",
    "action_flag": 1,
    "change_message": "[{\"added\": {}}]"
  }
},
{
  "model": "admin.logentry",
  "pk": 99,
  "fields": {
    "action_time": "2024-07-24T08:49:59.314Z",
    "user": 1,
    "content_type": 12,
    "object_id": "10",
    "object_repr": "Сыр \"Моцарелла\"",
    "action_flag": 1,
    "change_message": "[{\"added\": {}}]"
  }
},
{
  "model": "admin.logentry",
  "pk": 100,
  "fields": {
    "action_time": "2024-07-24T08:51:22.270Z",
    "user": 1,
    "content_type": 13,
    "object_id": "12",
    "object_repr": "365",
    "action_flag": 1,
    "change_message": "[{\"added\": {}}]"
  }
},
{
  "model": "admin.logentry",
  "pk": 101,
  "fields": {
    "action_time": "2024-07-24T08:51:44.739Z",
    "user": 1,
    "content_type": 9,
    "object_id": "12",
    "object_repr": "Калории: 340, Белки: 25, Жиры: 26, Углеводы: 0 ",
    "action_flag": 1,
    "change_message": "[{\"added\": {}}]"
  }
},
{
  "model": "admin.logentry",
  "pk": 102,
  "fields": {
    "action_time": "2024-07-24T08:51:45.816Z",
    "user": 1,
    "content_type": 12,
    "object_id": "11",
    "object_repr": "Сыр \"Тильзитер\"",
    "action_flag": 1,
    "change_message": "[{\"added\": {}}]"
  }
},
{
  "model": "admin.logentry",
  "pk": 103,
  "fields": {
    "action_time": "2024-07-24T08:52:43.118Z",
    "user": 1,
    "content_type": 8,
    "object_id": "25",
    "object_repr": "Масло сливочное",
    "action_flag": 1,
    "change_message": "[{\"added\": {}}]"
  }
},
{
  "model": "admin.logentry",
  "pk": 104,
  "fields": {
    "action_time": "2024-07-24T08:53:47.206Z",
    "user": 1,
    "content_type": 13,
    "object_id": "13",
    "object_repr": "98",
    "action_flag": 1,
    "change_message": "[{\"added\": {}}]"
  }
},
{
  "model": "admin.logentry",
  "pk": 105,
  "fields": {
    "action_time": "2024-07-24T08:54:22.714Z",
    "user": 1,
    "content_type": 9,
    "object_id": "13",
    "object_repr": "Калории: 236, Белки: 9, Жиры: 22, Углеводы: 3 ",
    "action_flag": 1,
    "change_message": "[{\"added\": {}}]"
  }
},
{
  "model": "admin.logentry",
  "pk": 106,
  "fields": {
    "action_time": "2024-07-24T08:54:24.723Z",
    "user": 1,
    "content_type": 12,
    "object_id": "12",
    "object_repr": "Сыр \"Творожный\"",
    "action_flag": 1,
    "change_message": "[{\"added\": {}}]"
  }
},
{
  "model": "admin.logentry",
  "pk": 107,
  "fields": {
    "action_time": "2024-07-24T08:55:04.910Z",
    "user": 1,
    "content_type": 11,
    "object_id": "16",
    "object_repr": "Овощи",
    "action_flag": 1,
    "change_message": "[{\"added\": {}}]"
  }
},
{
  "model": "admin.logentry",
  "pk": 108,
  "fields": {
    "action_time": "2024-07-24T08:55:18.774Z",
    "user": 1,
    "content_type": 8,
    "object_id": "26",
    "object_repr": "Морковь сушёная",
    "action_flag": 1,
    "change_message": "[{\"added\": {}}]"
  }
},
{
  "model": "admin.logentry",
  "pk": 109,
  "fields": {
    "action_time": "2024-07-24T08:55:27.785Z",
    "user": 1,
    "content_type": 8,
    "object_id": "27",
    "object_repr": "Шпинат сушёный",
    "action_flag": 1,
    "change_message": "[{\"added\": {}}]"
  }
},
{
  "model": "admin.logentry",
  "pk": 110,
  "fields": {
    "action_time": "2024-07-24T08:55:38.475Z",
    "user": 1,
    "content_type": 8,
    "object_id": "28",
    "object_repr": "Свекла сушёная",
    "action_flag": 1,
    "change_message": "[{\"added\": {}}]"
  }
},
{
  "model": "admin.logentry",
  "pk": 111,
  "fields": {
    "action_time": "2024-07-24T08:57:24.875Z",
    "user": 1,
    "content_type": 13,
    "object_id": "14",
    "object_repr": "112",
    "action_flag": 1,
    "change_message": "[{\"added\": {}}]"
  }
},
{
  "model": "admin.logentry",
  "pk": 112,
  "fields": {
    "action_time": "2024-07-24T08:58:53.037Z",
    "user": 1,
    "content_type": 8,
    "object_id": "29",
    "object_repr": "Мука из твёрдых сортов пшеницы",
    "action_flag": 1,
    "change_message": "[{\"added\": {}}]"
  }
},
{
  "model": "admin.logentry",
  "pk": 113,
  "fields": {
    "action_time": "2024-07-24T08:59:47.877Z",
    "user": 1,
    "content_type": 9,
    "object_id": "14",
    "object_repr": "Калории: 382, Белки: 12, Жиры: 1, Углеводы: 83 ",
    "action_flag": 1,
    "change_message": "[{\"added\": {}}]"
  }
},
{
  "model": "admin.logentry",
  "pk": 114,
  "fields": {
    "action_time": "2024-07-24T08:59:49.423Z",
    "user": 1,
    "content_type": 12,
    "object_id": "13",
    "object_repr": "Мука из овощей",
    "action_flag": 1,
    "change_message": "[{\"added\": {}}]"
  }
},
{
  "model": "admin.logentry",
  "pk": 115,
  "fields": {
    "action_time": "2024-07-24T09:00:06.866Z",
    "user": 1,
    "content_type": 12,
    "object_id": "13",
    "object_repr": "Макароны из овощей",
    "action_flag": 2,
    "change_message": "[{\"changed\": {\"fields\": [\"\\u041d\\u0430\\u0437\\u0432\\u0430\\u043d\\u0438\\u0435 \\u043f\\u0440\\u043e\\u0434\\u0443\\u043a\\u0442\\u0430\", \"URL\"]}}]"
  }
},
{
  "model": "admin.logentry",
  "pk": 116,
  "fields": {
    "action_time": "2024-07-24T09:01:10.164Z",
    "user": 1,
    "content_type": 8,
    "object_id": "30",
    "object_repr": "Мука гороховая",
    "action_flag": 1,
    "change_message": "[{\"added\": {}}]"
  }
},
{
  "model": "admin.logentry",
  "pk": 117,
  "fields": {
    "action_time": "2024-07-24T09:02:13.867Z",
    "user": 1,
    "content_type": 13,
    "object_id": "15",
    "object_repr": "224",
    "action_flag": 1,
    "change_message": "[{\"added\": {}}]"
  }
},
{
  "model": "admin.logentry",
  "pk": 118,
  "fields": {
    "action_time": "2024-07-24T09:02:40.862Z",
    "user": 1,
    "content_type": 9,
    "object_id": "15",
    "object_repr": "Калории: 373, Белки: 21, Жиры: 0, Углеводы: 68 ",
    "action_flag": 1,
    "change_message": "[{\"added\": {}}]"
  }
},
{
  "model": "admin.logentry",
  "pk": 119,
  "fields": {
    "action_time": "2024-07-24T09:02:46.306Z",
    "user": 1,
    "content_type": 12,
    "object_id": "14",
    "object_repr": "Макароны из гороха безглютеновые",
    "action_flag": 1,
    "change_message": "[{\"added\": {}}]"
  }
},
{
  "model": "admin.logentry",
  "pk": 120,
  "fields": {
    "action_time": "2024-07-24T09:04:43.213Z",
    "user": 1,
    "content_type": 8,
    "object_id": "31",
    "object_repr": "Мука льняная",
    "action_flag": 1,
    "change_message": "[{\"added\": {}}]"
  }
},
{
  "model": "admin.logentry",
  "pk": 121,
  "fields": {
    "action_time": "2024-07-24T09:04:52.513Z",
    "user": 1,
    "content_type": 8,
    "object_id": "32",
    "object_repr": "Мука кукурузная",
    "action_flag": 1,
    "change_message": "[{\"added\": {}}]"
  }
},
{
  "model": "admin.logentry",
  "pk": 122,
  "fields": {
    "action_time": "2024-07-24T09:05:17.831Z",
    "user": 1,
    "content_type": 13,
    "object_id": "16",
    "object_repr": "280",
    "action_flag": 1,
    "change_message": "[{\"added\": {}}]"
  }
},
{
  "model": "admin.logentry",
  "pk": 123,
  "fields": {
    "action_time": "2024-07-24T09:05:37.186Z",
    "user": 1,
    "content_type": 9,
    "object_id": "16",
    "object_repr": "Калории: 215, Белки: 8, Жиры: 3, Углеводы: 40 ",
    "action_flag": 1,
    "change_message": "[{\"added\": {}}]"
  }
},
{
  "model": "admin.logentry",
  "pk": 124,
  "fields": {
    "action_time": "2024-07-24T09:05:42.759Z",
    "user": 1,
    "content_type": 12,
    "object_id": "15",
    "object_repr": "Макароны из льна безглютеновые",
    "action_flag": 1,
    "change_message": "[{\"added\": {}}]"
  }
},
{
  "model": "admin.logentry",
  "pk": 125,
  "fields": {
    "action_time": "2024-07-24T09:06:48.436Z",
    "user": 1,
    "content_type": 8,
    "object_id": "33",
    "object_repr": "Пшеничная закваска",
    "action_flag": 1,
    "change_message": "[{\"added\": {}}]"
  }
},
{
  "model": "admin.logentry",
  "pk": 126,
  "fields": {
    "action_time": "2024-07-24T09:07:32.980Z",
    "user": 1,
    "content_type": 8,
    "object_id": "34",
    "object_repr": "Патока крахмальная карамельная кислотная",
    "action_flag": 1,
    "change_message": "[{\"added\": {}}]"
  }
},
{
  "model": "admin.logentry",
  "pk": 127,
  "fields": {
    "action_time": "2024-07-24T09:08:59.750Z",
    "user": 1,
    "content_type": 13,
    "object_id": "17",
    "object_repr": "75",
    "action_flag": 1,
    "change_message": "[{\"added\": {}}]"
  }
},
{
  "model": "admin.logentry",
  "pk": 128,
  "fields": {
    "action_time": "2024-07-24T09:10:01.426Z",
    "user": 1,
    "content_type": 9,
    "object_id": "17",
    "object_repr": "Калории: 304, Белки: 8, Жиры: 3, Углеводы: 62 ",
    "action_flag": 1,
    "change_message": "[{\"added\": {}}]"
  }
},
{
  "model": "admin.logentry",
  "pk": 129,
  "fields": {
    "action_time": "2024-07-24T09:10:02.745Z",
    "user": 1,
    "content_type": 12,
    "object_id": "16",
    "object_repr": "Багет французский",
    "action_flag": 1,
    "change_message": "[{\"added\": {}}]"
  }
},
{
  "model": "admin.logentry",
  "pk": 130,
  "fields": {
    "action_time": "2024-07-24T09:10:36.498Z",
    "user": 1,
    "content_type": 11,
    "object_id": "17",
    "object_repr": "Фрукты",
    "action_flag": 1,
    "change_message": "[{\"added\": {}}]"
  }
},
{
  "model": "admin.logentry",
  "pk": 131,
  "fields": {
    "action_time": "2024-07-24T09:11:02.394Z",
    "user": 1,
    "content_type": 11,
    "object_id": "17",
    "object_repr": "Фрукты",
    "action_flag": 2,
    "change_message": "[{\"changed\": {\"fields\": [\"\\u041e\\u043f\\u0438\\u0441\\u0430\\u043d\\u0438\\u0435\"]}}]"
  }
},
{
  "model": "admin.logentry",
  "pk": 132,
  "fields": {
    "action_time": "2024-07-24T09:11:07.674Z",
    "user": 1,
    "content_type": 11,
    "object_id": "17",
    "object_repr": "Фрукты",
    "action_flag": 2,
    "change_message": "[{\"changed\": {\"fields\": [\"\\u041e\\u043f\\u0438\\u0441\\u0430\\u043d\\u0438\\u0435\"]}}]"
  }
},
{
  "model": "admin.logentry",
  "pk": 133,
  "fields": {
    "action_time": "2024-07-24T09:11:23.707Z",
    "user": 1,
    "content_type": 11,
    "object_id": "16",
    "object_repr": "Овощи",
    "action_flag": 2,
    "change_message": "[{\"changed\": {\"fields\": [\"\\u041e\\u043f\\u0438\\u0441\\u0430\\u043d\\u0438\\u0435\"]}}]"
  }
},
{
  "model": "admin.logentry",
  "pk": 134,
  "fields": {
    "action_time": "2024-07-24T09:11:44.076Z",
    "user": 1,
    "content_type": 11,
    "object_id": "15",
    "object_repr": "Молочные продукты",
    "action_flag": 2,
    "change_message": "[{\"changed\": {\"fields\": [\"\\u041e\\u043f\\u0438\\u0441\\u0430\\u043d\\u0438\\u0435\"]}}]"
  }
},
{
  "model": "admin.logentry",
  "pk": 135,
  "fields": {
    "action_time": "2024-07-24T09:12:12.415Z",
    "user": 1,
    "content_type": 11,
    "object_id": "13",
    "object_repr": "Соль",
    "action_flag": 2,
    "change_message": "[{\"changed\": {\"fields\": [\"\\u041e\\u043f\\u0438\\u0441\\u0430\\u043d\\u0438\\u0435\"]}}]"
  }
},
{
  "model": "admin.logentry",
  "pk": 136,
  "fields": {
    "action_time": "2024-07-24T09:12:26.483Z",
    "user": 1,
    "content_type": 8,
    "object_id": "35",
    "object_repr": "Бананы",
    "action_flag": 1,
    "change_message": "[{\"added\": {}}]"
  }
},
{
  "model": "admin.logentry",
  "pk": 137,
  "fields": {
    "action_time": "2024-07-24T09:12:46.915Z",
    "user": 1,
    "content_type": 8,
    "object_id": "15",
    "object_repr": "Кофеин",
    "action_flag": 2,
    "change_message": "[{\"changed\": {\"fields\": [\"\\u041e\\u043f\\u0438\\u0441\\u0430\\u043d\\u0438\\u0435\"]}}]"
  }
},
{
  "model": "admin.logentry",
  "pk": 138,
  "fields": {
    "action_time": "2024-07-24T09:14:48.344Z",
    "user": 1,
    "content_type": 8,
    "object_id": "36",
    "object_repr": "Сахар тростниковый коричневыйы",
    "action_flag": 1,
    "change_message": "[{\"added\": {}}]"
  }
},
{
  "model": "admin.logentry",
  "pk": 139,
  "fields": {
    "action_time": "2024-07-24T09:14:53.184Z",
    "user": 1,
    "content_type": 8,
    "object_id": "36",
    "object_repr": "Сахар тростниковый коричневый",
    "action_flag": 2,
    "change_message": "[{\"changed\": {\"fields\": [\"\\u041d\\u0430\\u0437\\u0432\\u0430\\u043d\\u0438\\u0435 \\u044d\\u043b\\u0435\\u043c\\u0435\\u043d\\u0442\\u0430\"]}}]"
  }
},
{
  "model": "admin.logentry",
  "pk": 140,
  "fields": {
    "action_time": "2024-07-24T09:15:50.222Z",
    "user": 1,
    "content_type": 11,
    "object_id": "18",
    "object_repr": "Масло растительное",
    "action_flag": 1,
    "change_message": "[{\"added\": {}}]"
  }
},
{
  "model": "admin.logentry",
  "pk": 141,
  "fields": {
    "action_time": "2024-07-24T09:16:20.523Z",
    "user": 1,
    "content_type": 8,
    "object_id": "37",
    "object_repr": "Масло подсолнечное",
    "action_flag": 1,
    "change_message": "[{\"added\": {}}]"
  }
},
{
  "model": "admin.logentry",
  "pk": 142,
  "fields": {
    "action_time": "2024-07-24T09:17:05.910Z",
    "user": 1,
    "content_type": 11,
    "object_id": "19",
    "object_repr": "Орехи",
    "action_flag": 1,
    "change_message": "[{\"added\": {}}]"
  }
},
{
  "model": "admin.logentry",
  "pk": 143,
  "fields": {
    "action_time": "2024-07-24T09:18:20.024Z",
    "user": 1,
    "content_type": 8,
    "object_id": "38",
    "object_repr": "Грецкий орех",
    "action_flag": 1,
    "change_message": "[{\"added\": {}}]"
  }
},
{
  "model": "admin.logentry",
  "pk": 144,
  "fields": {
    "action_time": "2024-07-24T09:18:46.261Z",
    "user": 1,
    "content_type": 8,
    "object_id": "39",
    "object_repr": "Корица",
    "action_flag": 1,
    "change_message": "[{\"added\": {}}]"
  }
},
{
  "model": "admin.logentry",
  "pk": 145,
  "fields": {
    "action_time": "2024-07-24T09:20:08.836Z",
    "user": 1,
    "content_type": 8,
    "object_id": "40",
    "object_repr": "Пищевая сода - гидрокарбонат натрия",
    "action_flag": 1,
    "change_message": "[{\"added\": {}}]"
  }
},
{
  "model": "admin.logentry",
  "pk": 146,
  "fields": {
    "action_time": "2024-07-24T09:20:43.086Z",
    "user": 1,
    "content_type": 8,
    "object_id": "41",
    "object_repr": "Соль гималайская",
    "action_flag": 1,
    "change_message": "[{\"added\": {}}]"
  }
},
{
  "model": "admin.logentry",
  "pk": 147,
  "fields": {
    "action_time": "2024-07-24T09:20:53.150Z",
    "user": 1,
    "content_type": 8,
    "object_id": "41",
    "object_repr": "Соль гималайская",
    "action_flag": 2,
    "change_message": "[{\"changed\": {\"fields\": [\"\\u041e\\u043f\\u0438\\u0441\\u0430\\u043d\\u0438\\u0435\"]}}]"
  }
},
{
  "model": "admin.logentry",
  "pk": 148,
  "fields": {
    "action_time": "2024-07-24T09:21:49.690Z",
    "user": 1,
    "content_type": 8,
    "object_id": "42",
    "object_repr": "Гвоздика",
    "action_flag": 1,
    "change_message": "[{\"added\": {}}]"
  }
},
{
  "model": "admin.logentry",
  "pk": 149,
  "fields": {
    "action_time": "2024-07-24T09:23:01.642Z",
    "user": 1,
    "content_type": 13,
    "object_id": "18",
    "object_repr": "241",
    "action_flag": 1,
    "change_message": "[{\"added\": {}}]"
  }
},
{
  "model": "admin.logentry",
  "pk": 150,
  "fields": {
    "action_time": "2024-07-24T09:23:34.875Z",
    "user": 1,
    "content_type": 9,
    "object_id": "18",
    "object_repr": "Калории: 323, Белки: 4, Жиры: 15, Углеводы: 43 ",
    "action_flag": 1,
    "change_message": "[{\"added\": {}}]"
  }
},
{
  "model": "admin.logentry",
  "pk": 151,
  "fields": {
    "action_time": "2024-07-24T09:23:36.055Z",
    "user": 1,
    "content_type": 12,
    "object_id": "17",
    "object_repr": "Банановый кекс с орехом",
    "action_flag": 1,
    "change_message": "[{\"added\": {}}]"
  }
},
{
  "model": "admin.logentry",
  "pk": 152,
  "fields": {
    "action_time": "2024-07-24T09:24:38.302Z",
    "user": 1,
    "content_type": 8,
    "object_id": "43",
    "object_repr": "Мак пищевой",
    "action_flag": 1,
    "change_message": "[{\"added\": {}}]"
  }
},
{
  "model": "admin.logentry",
  "pk": 153,
  "fields": {
    "action_time": "2024-07-24T09:25:57.643Z",
    "user": 1,
    "content_type": 9,
    "object_id": "19",
    "object_repr": "Калории: 360, Белки: 10, Жиры: 4, Углеводы: 68 ",
    "action_flag": 1,
    "change_message": "[{\"added\": {}}]"
  }
},
{
  "model": "admin.logentry",
  "pk": 154,
  "fields": {
    "action_time": "2024-07-24T09:26:22.977Z",
    "user": 1,
    "content_type": 13,
    "object_id": "19",
    "object_repr": "85",
    "action_flag": 1,
    "change_message": "[{\"added\": {}}]"
  }
},
{
  "model": "admin.logentry",
  "pk": 155,
  "fields": {
    "action_time": "2024-07-24T09:27:12.193Z",
    "user": 1,
    "content_type": 12,
    "object_id": "18",
    "object_repr": "Бублик с маком",
    "action_flag": 1,
    "change_message": "[{\"added\": {}}]"
  }
},
{
  "model": "admin.logentry",
  "pk": 156,
  "fields": {
    "action_time": "2024-07-24T09:28:18.852Z",
    "user": 1,
    "content_type": 8,
    "object_id": "44",
    "object_repr": "Мука ржаная",
    "action_flag": 1,
    "change_message": "[{\"added\": {}}]"
  }
},
{
  "model": "admin.logentry",
  "pk": 157,
  "fields": {
    "action_time": "2024-07-24T09:28:52.682Z",
    "user": 1,
    "content_type": 8,
    "object_id": "45",
    "object_repr": "Ржаные хлопья",
    "action_flag": 1,
    "change_message": "[{\"added\": {}}]"
  }
},
{
  "model": "admin.logentry",
  "pk": 158,
  "fields": {
    "action_time": "2024-07-24T09:29:09.568Z",
    "user": 1,
    "content_type": 8,
    "object_id": "46",
    "object_repr": "Семена подсолнечника очищенные",
    "action_flag": 1,
    "change_message": "[{\"added\": {}}]"
  }
},
{
  "model": "admin.logentry",
  "pk": 159,
  "fields": {
    "action_time": "2024-07-24T09:29:24.223Z",
    "user": 1,
    "content_type": 8,
    "object_id": "47",
    "object_repr": "Кунжут",
    "action_flag": 1,
    "change_message": "[{\"added\": {}}]"
  }
},
{
  "model": "admin.logentry",
  "pk": 160,
  "fields": {
    "action_time": "2024-07-24T09:29:30.782Z",
    "user": 1,
    "content_type": 8,
    "object_id": "48",
    "object_repr": "Лён",
    "action_flag": 1,
    "change_message": "[{\"added\": {}}]"
  }
},
{
  "model": "admin.logentry",
  "pk": 161,
  "fields": {
    "action_time": "2024-07-24T09:30:59.420Z",
    "user": 1,
    "content_type": 13,
    "object_id": "20",
    "object_repr": "96",
    "action_flag": 1,
    "change_message": "[{\"added\": {}}]"
  }
},
{
  "model": "admin.logentry",
  "pk": 162,
  "fields": {
    "action_time": "2024-07-24T09:32:12.368Z",
    "user": 1,
    "content_type": 9,
    "object_id": "20",
    "object_repr": "Калории: 265, Белки: 8, Жиры: 2, Углеводы: 54 ",
    "action_flag": 1,
    "change_message": "[{\"added\": {}}]"
  }
},
{
  "model": "admin.logentry",
  "pk": 163,
  "fields": {
    "action_time": "2024-07-24T09:32:13.865Z",
    "user": 1,
    "content_type": 12,
    "object_id": "19",
    "object_repr": "Ржаной батон",
    "action_flag": 1,
    "change_message": "[{\"added\": {}}]"
  }
},
{
  "model": "admin.logentry",
  "pk": 164,
  "fields": {
    "action_time": "2024-07-24T09:33:02.689Z",
    "user": 1,
    "content_type": 8,
    "object_id": "49",
    "object_repr": "Томаты сушёные",
    "action_flag": 1,
    "change_message": "[{\"added\": {}}]"
  }
},
{
  "model": "admin.logentry",
  "pk": 165,
  "fields": {
    "action_time": "2024-07-24T09:33:27.210Z",
    "user": 1,
    "content_type": 8,
    "object_id": "50",
    "object_repr": "Паприка молотая",
    "action_flag": 1,
    "change_message": "[{\"added\": {}}]"
  }
},
{
  "model": "admin.logentry",
  "pk": 166,
  "fields": {
    "action_time": "2024-07-24T09:33:38.643Z",
    "user": 1,
    "content_type": 8,
    "object_id": "51",
    "object_repr": "Чеснок сушеный",
    "action_flag": 1,
    "change_message": "[{\"added\": {}}]"
  }
},
{
  "model": "admin.logentry",
  "pk": 167,
  "fields": {
    "action_time": "2024-07-24T09:33:50.354Z",
    "user": 1,
    "content_type": 8,
    "object_id": "52",
    "object_repr": "Перец",
    "action_flag": 1,
    "change_message": "[{\"added\": {}}]"
  }
},
{
  "model": "admin.logentry",
  "pk": 168,
  "fields": {
    "action_time": "2024-07-24T09:35:11.043Z",
    "user": 1,
    "content_type": 13,
    "object_id": "21",
    "object_repr": "160",
    "action_flag": 1,
    "change_message": "[{\"added\": {}}]"
  }
},
{
  "model": "admin.logentry",
  "pk": 169,
  "fields": {
    "action_time": "2024-07-24T09:35:29.113Z",
    "user": 1,
    "content_type": 9,
    "object_id": "21",
    "object_repr": "Калории: 465, Белки: 10, Жиры: 19, Углеводы: 64 ",
    "action_flag": 1,
    "change_message": "[{\"added\": {}}]"
  }
},
{
  "model": "admin.logentry",
  "pk": 170,
  "fields": {
    "action_time": "2024-07-24T09:36:31.208Z",
    "user": 1,
    "content_type": 12,
    "object_id": "20",
    "object_repr": "Гренки ржаные",
    "action_flag": 1,
    "change_message": "[{\"added\": {}}]"
  }
},
{
  "model": "admin.logentry",
  "pk": 171,
  "fields": {
    "action_time": "2024-07-24T09:37:51.411Z",
    "user": 1,
    "content_type": 11,
    "object_id": "20",
    "object_repr": "Мясо",
    "action_flag": 1,
    "change_message": "[{\"added\": {}}]"
  }
},
{
  "model": "admin.logentry",
  "pk": 172,
  "fields": {
    "action_time": "2024-07-24T09:37:59.316Z",
    "user": 1,
    "content_type": 8,
    "object_id": "53",
    "object_repr": "Свинина",
    "action_flag": 1,
    "change_message": "[{\"added\": {}}]"
  }
},
{
  "model": "admin.logentry",
  "pk": 173,
  "fields": {
    "action_time": "2024-07-24T09:38:12.227Z",
    "user": 1,
    "content_type": 8,
    "object_id": "54",
    "object_repr": "Шпик свиной",
    "action_flag": 1,
    "change_message": "[{\"added\": {}}]"
  }
},
{
  "model": "admin.logentry",
  "pk": 174,
  "fields": {
    "action_time": "2024-07-24T09:38:20.747Z",
    "user": 1,
    "content_type": 8,
    "object_id": "55",
    "object_repr": "Филе куриное",
    "action_flag": 1,
    "change_message": "[{\"added\": {}}]"
  }
},
{
  "model": "admin.logentry",
  "pk": 175,
  "fields": {
    "action_time": "2024-07-24T09:38:58.712Z",
    "user": 1,
    "content_type": 8,
    "object_id": "56",
    "object_repr": "Кардамон",
    "action_flag": 1,
    "change_message": "[{\"added\": {}}]"
  }
},
{
  "model": "admin.logentry",
  "pk": 176,
  "fields": {
    "action_time": "2024-07-24T09:39:13.937Z",
    "user": 1,
    "content_type": 8,
    "object_id": "57",
    "object_repr": "Белый перец",
    "action_flag": 1,
    "change_message": "[{\"added\": {}}]"
  }
},
{
  "model": "admin.logentry",
  "pk": 177,
  "fields": {
    "action_time": "2024-07-24T09:40:19.127Z",
    "user": 1,
    "content_type": 8,
    "object_id": "58",
    "object_repr": "Мускатный орех",
    "action_flag": 1,
    "change_message": "[{\"added\": {}}]"
  }
},
{
  "model": "admin.logentry",
  "pk": 178,
  "fields": {
    "action_time": "2024-07-24T09:40:37.516Z",
    "user": 1,
    "content_type": 8,
    "object_id": "59",
    "object_repr": "Перец красный",
    "action_flag": 1,
    "change_message": "[{\"added\": {}}]"
  }
},
{
  "model": "admin.logentry",
  "pk": 179,
  "fields": {
    "action_time": "2024-07-24T09:42:47.035Z",
    "user": 1,
    "content_type": 8,
    "object_id": "60",
    "object_repr": "Глюкозный сироп",
    "action_flag": 1,
    "change_message": "[{\"added\": {}}]"
  }
},
{
  "model": "admin.logentry",
  "pk": 180,
  "fields": {
    "action_time": "2024-07-24T09:43:51.941Z",
    "user": 1,
    "content_type": 13,
    "object_id": "22",
    "object_repr": "425",
    "action_flag": 1,
    "change_message": "[{\"added\": {}}]"
  }
},
{
  "model": "admin.logentry",
  "pk": 181,
  "fields": {
    "action_time": "2024-07-24T09:44:44.853Z",
    "user": 1,
    "content_type": 9,
    "object_id": "22",
    "object_repr": "Калории: 419, Белки: 12, Жиры: 41, Углеводы: 1 ",
    "action_flag": 1,
    "change_message": "[{\"added\": {}}]"
  }
},
{
  "model": "admin.logentry",
  "pk": 182,
  "fields": {
    "action_time": "2024-07-24T09:44:46.566Z",
    "user": 1,
    "content_type": 12,
    "object_id": "21",
    "object_repr": "Сервелат варено-копченый",
    "action_flag": 1,
    "change_message": "[{\"added\": {}}]"
  }
},
{
  "model": "admin.logentry",
  "pk": 183,
  "fields": {
    "action_time": "2024-07-24T09:45:39.265Z",
    "user": 1,
    "content_type": 8,
    "object_id": "61",
    "object_repr": "Свиная печень",
    "action_flag": 1,
    "change_message": "[{\"added\": {}}]"
  }
},
{
  "model": "admin.logentry",
  "pk": 184,
  "fields": {
    "action_time": "2024-07-24T09:45:48.127Z",
    "user": 1,
    "content_type": 8,
    "object_id": "62",
    "object_repr": "Говядина",
    "action_flag": 1,
    "change_message": "[{\"added\": {}}]"
  }
},
{
  "model": "admin.logentry",
  "pk": 185,
  "fields": {
    "action_time": "2024-07-24T09:45:57.477Z",
    "user": 1,
    "content_type": 11,
    "object_id": "21",
    "object_repr": "Яйца",
    "action_flag": 1,
    "change_message": "[{\"added\": {}}]"
  }
},
{
  "model": "admin.logentry",
  "pk": 186,
  "fields": {
    "action_time": "2024-07-24T09:46:06.632Z",
    "user": 1,
    "content_type": 8,
    "object_id": "63",
    "object_repr": "Яйца куриные",
    "action_flag": 1,
    "change_message": "[{\"added\": {}}]"
  }
},
{
  "model": "admin.logentry",
  "pk": 187,
  "fields": {
    "action_time": "2024-07-24T09:46:16.746Z",
    "user": 1,
    "content_type": 8,
    "object_id": "64",
    "object_repr": "Лук сушеный",
    "action_flag": 1,
    "change_message": "[{\"added\": {}}]"
  }
},
{
  "model": "admin.logentry",
  "pk": 188,
  "fields": {
    "action_time": "2024-07-24T09:46:50.700Z",
    "user": 1,
    "content_type": 8,
    "object_id": "65",
    "object_repr": "Молоко 3.2%",
    "action_flag": 1,
    "change_message": "[{\"added\": {}}]"
  }
},
{
  "model": "admin.logentry",
  "pk": 189,
  "fields": {
    "action_time": "2024-07-24T09:48:02.187Z",
    "user": 1,
    "content_type": 13,
    "object_id": "23",
    "object_repr": "485",
    "action_flag": 1,
    "change_message": "[{\"added\": {}}]"
  }
},
{
  "model": "admin.logentry",
  "pk": 190,
  "fields": {
    "action_time": "2024-07-24T09:48:24.292Z",
    "user": 1,
    "content_type": 9,
    "object_id": "23",
    "object_repr": "Калории: 366, Белки: 11, Жиры: 34, Углеводы: 4 ",
    "action_flag": 1,
    "change_message": "[{\"added\": {}}]"
  }
},
{
  "model": "admin.logentry",
  "pk": 191,
  "fields": {
    "action_time": "2024-07-24T09:49:30.474Z",
    "user": 1,
    "content_type": 12,
    "object_id": "22",
    "object_repr": "Колбаса ливерная \"Яичная\"",
    "action_flag": 1,
    "change_message": "[{\"added\": {}}]"
  }
},
{
  "model": "admin.logentry",
  "pk": 192,
  "fields": {
    "action_time": "2024-07-24T09:50:16.181Z",
    "user": 1,
    "content_type": 8,
    "object_id": "66",
    "object_repr": "Грудка индейки",
    "action_flag": 1,
    "change_message": "[{\"added\": {}}]"
  }
},
{
  "model": "admin.logentry",
  "pk": 193,
  "fields": {
    "action_time": "2024-07-24T09:51:17.163Z",
    "user": 1,
    "content_type": 8,
    "object_id": "67",
    "object_repr": "Кожа индейки",
    "action_flag": 1,
    "change_message": "[{\"added\": {}}]"
  }
},
{
  "model": "admin.logentry",
  "pk": 194,
  "fields": {
    "action_time": "2024-07-24T09:52:51.635Z",
    "user": 1,
    "content_type": 8,
    "object_id": "68",
    "object_repr": "Декстроза (D-глюкоза)",
    "action_flag": 1,
    "change_message": "[{\"added\": {}}]"
  }
},
{
  "model": "admin.logentry",
  "pk": 195,
  "fields": {
    "action_time": "2024-07-24T09:55:51.283Z",
    "user": 1,
    "content_type": 13,
    "object_id": "24",
    "object_repr": "280",
    "action_flag": 1,
    "change_message": "[{\"added\": {}}]"
  }
},
{
  "model": "admin.logentry",
  "pk": 196,
  "fields": {
    "action_time": "2024-07-24T09:57:03.244Z",
    "user": 1,
    "content_type": 9,
    "object_id": "24",
    "object_repr": "Калории: 130, Белки: 27, Жиры: 3, Углеводы: 1 ",
    "action_flag": 1,
    "change_message": "[{\"added\": {}}]"
  }
},
{
  "model": "admin.logentry",
  "pk": 197,
  "fields": {
    "action_time": "2024-07-24T09:57:04.564Z",
    "user": 1,
    "content_type": 12,
    "object_id": "23",
    "object_repr": "Ветчина из грудки индейки с паприкой",
    "action_flag": 1,
    "change_message": "[{\"added\": {}}]"
  }
},
{
  "model": "admin.logentry",
  "pk": 198,
  "fields": {
    "action_time": "2024-07-24T09:59:08.751Z",
    "user": 1,
    "content_type": 13,
    "object_id": "25",
    "object_repr": "315",
    "action_flag": 1,
    "change_message": "[{\"added\": {}}]"
  }
},
{
  "model": "admin.logentry",
  "pk": 199,
  "fields": {
    "action_time": "2024-07-24T09:59:39.886Z",
    "user": 1,
    "content_type": 9,
    "object_id": "25",
    "object_repr": "Калории: 154, Белки: 16, Жиры: 10, Углеводы: 0 ",
    "action_flag": 1,
    "change_message": "[{\"added\": {}}]"
  }
},
{
  "model": "admin.logentry",
  "pk": 200,
  "fields": {
    "action_time": "2024-07-24T09:59:41.431Z",
    "user": 1,
    "content_type": 12,
    "object_id": "24",
    "object_repr": "фарш из говядины и курицы",
    "action_flag": 1,
    "change_message": "[{\"added\": {}}]"
  }
},
{
  "model": "admin.logentry",
  "pk": 201,
  "fields": {
    "action_time": "2024-07-24T09:59:47.470Z",
    "user": 1,
    "content_type": 12,
    "object_id": "24",
    "object_repr": "Фарш из говядины и курицы",
    "action_flag": 2,
    "change_message": "[{\"changed\": {\"fields\": [\"\\u041d\\u0430\\u0437\\u0432\\u0430\\u043d\\u0438\\u0435 \\u043f\\u0440\\u043e\\u0434\\u0443\\u043a\\u0442\\u0430\"]}}]"
  }
},
{
  "model": "admin.logentry",
  "pk": 202,
  "fields": {
    "action_time": "2024-07-24T10:00:56.517Z",
    "user": 1,
    "content_type": 13,
    "object_id": "26",
    "object_repr": "670",
    "action_flag": 1,
    "change_message": "[{\"added\": {}}]"
  }
},
{
  "model": "admin.logentry",
  "pk": 203,
  "fields": {
    "action_time": "2024-07-24T10:01:15.776Z",
    "user": 1,
    "content_type": 9,
    "object_id": "26",
    "object_repr": "Калории: 170, Белки: 20, Жиры: 10, Углеводы: 0 ",
    "action_flag": 1,
    "change_message": "[{\"added\": {}}]"
  }
},
{
  "model": "admin.logentry",
  "pk": 204,
  "fields": {
    "action_time": "2024-07-24T10:01:17.510Z",
    "user": 1,
    "content_type": 12,
    "object_id": "25",
    "object_repr": "Стейк Рибай из говядины",
    "action_flag": 1,
    "change_message": "[{\"added\": {}}]"
  }
},
{
  "model": "auth.permission",
  "pk": 1,
  "fields": {
    "name": "Can add log entry",
    "content_type": 1,
    "codename": "add_logentry"
  }
},
{
  "model": "auth.permission",
  "pk": 2,
  "fields": {
    "name": "Can change log entry",
    "content_type": 1,
    "codename": "change_logentry"
  }
},
{
  "model": "auth.permission",
  "pk": 3,
  "fields": {
    "name": "Can delete log entry",
    "content_type": 1,
    "codename": "delete_logentry"
  }
},
{
  "model": "auth.permission",
  "pk": 4,
  "fields": {
    "name": "Can view log entry",
    "content_type": 1,
    "codename": "view_logentry"
  }
},
{
  "model": "auth.permission",
  "pk": 5,
  "fields": {
    "name": "Can add permission",
    "content_type": 2,
    "codename": "add_permission"
  }
},
{
  "model": "auth.permission",
  "pk": 6,
  "fields": {
    "name": "Can change permission",
    "content_type": 2,
    "codename": "change_permission"
  }
},
{
  "model": "auth.permission",
  "pk": 7,
  "fields": {
    "name": "Can delete permission",
    "content_type": 2,
    "codename": "delete_permission"
  }
},
{
  "model": "auth.permission",
  "pk": 8,
  "fields": {
    "name": "Can view permission",
    "content_type": 2,
    "codename": "view_permission"
  }
},
{
  "model": "auth.permission",
  "pk": 9,
  "fields": {
    "name": "Can add group",
    "content_type": 3,
    "codename": "add_group"
  }
},
{
  "model": "auth.permission",
  "pk": 10,
  "fields": {
    "name": "Can change group",
    "content_type": 3,
    "codename": "change_group"
  }
},
{
  "model": "auth.permission",
  "pk": 11,
  "fields": {
    "name": "Can delete group",
    "content_type": 3,
    "codename": "delete_group"
  }
},
{
  "model": "auth.permission",
  "pk": 12,
  "fields": {
    "name": "Can view group",
    "content_type": 3,
    "codename": "view_group"
  }
},
{
  "model": "auth.permission",
  "pk": 13,
  "fields": {
    "name": "Can add user",
    "content_type": 4,
    "codename": "add_user"
  }
},
{
  "model": "auth.permission",
  "pk": 14,
  "fields": {
    "name": "Can change user",
    "content_type": 4,
    "codename": "change_user"
  }
},
{
  "model": "auth.permission",
  "pk": 15,
  "fields": {
    "name": "Can delete user",
    "content_type": 4,
    "codename": "delete_user"
  }
},
{
  "model": "auth.permission",
  "pk": 16,
  "fields": {
    "name": "Can view user",
    "content_type": 4,
    "codename": "view_user"
  }
},
{
  "model": "auth.permission",
  "pk": 17,
  "fields": {
    "name": "Can add content type",
    "content_type": 5,
    "codename": "add_contenttype"
  }
},
{
  "model": "auth.permission",
  "pk": 18,
  "fields": {
    "name": "Can change content type",
    "content_type": 5,
    "codename": "change_contenttype"
  }
},
{
  "model": "auth.permission",
  "pk": 19,
  "fields": {
    "name": "Can delete content type",
    "content_type": 5,
    "codename": "delete_contenttype"
  }
},
{
  "model": "auth.permission",
  "pk": 20,
  "fields": {
    "name": "Can view content type",
    "content_type": 5,
    "codename": "view_contenttype"
  }
},
{
  "model": "auth.permission",
  "pk": 21,
  "fields": {
    "name": "Can add session",
    "content_type": 6,
    "codename": "add_session"
  }
},
{
  "model": "auth.permission",
  "pk": 22,
  "fields": {
    "name": "Can change session",
    "content_type": 6,
    "codename": "change_session"
  }
},
{
  "model": "auth.permission",
  "pk": 23,
  "fields": {
    "name": "Can delete session",
    "content_type": 6,
    "codename": "delete_session"
  }
},
{
  "model": "auth.permission",
  "pk": 24,
  "fields": {
    "name": "Can view session",
    "content_type": 6,
    "codename": "view_session"
  }
},
{
  "model": "auth.permission",
  "pk": 25,
  "fields": {
    "name": "Can add категорию",
    "content_type": 7,
    "codename": "add_category"
  }
},
{
  "model": "auth.permission",
  "pk": 26,
  "fields": {
    "name": "Can change категорию",
    "content_type": 7,
    "codename": "change_category"
  }
},
{
  "model": "auth.permission",
  "pk": 27,
  "fields": {
    "name": "Can delete категорию",
    "content_type": 7,
    "codename": "delete_category"
  }
},
{
  "model": "auth.permission",
  "pk": 28,
  "fields": {
    "name": "Can view категорию",
    "content_type": 7,
    "codename": "view_category"
  }
},
{
  "model": "auth.permission",
  "pk": 29,
  "fields": {
    "name": "Can add элемент",
    "content_type": 8,
    "codename": "add_element"
  }
},
{
  "model": "auth.permission",
  "pk": 30,
  "fields": {
    "name": "Can change элемент",
    "content_type": 8,
    "codename": "change_element"
  }
},
{
  "model": "auth.permission",
  "pk": 31,
  "fields": {
    "name": "Can delete элемент",
    "content_type": 8,
    "codename": "delete_element"
  }
},
{
  "model": "auth.permission",
  "pk": 32,
  "fields": {
    "name": "Can view элемент",
    "content_type": 8,
    "codename": "view_element"
  }
},
{
  "model": "auth.permission",
  "pk": 33,
  "fields": {
    "name": "Can add КБЖУ",
    "content_type": 9,
    "codename": "add_nutrient"
  }
},
{
  "model": "auth.permission",
  "pk": 34,
  "fields": {
    "name": "Can change КБЖУ",
    "content_type": 9,
    "codename": "change_nutrient"
  }
},
{
  "model": "auth.permission",
  "pk": 35,
  "fields": {
    "name": "Can delete КБЖУ",
    "content_type": 9,
    "codename": "delete_nutrient"
  }
},
{
  "model": "auth.permission",
  "pk": 36,
  "fields": {
    "name": "Can view КБЖУ",
    "content_type": 9,
    "codename": "view_nutrient"
  }
},
{
  "model": "auth.permission",
  "pk": 37,
  "fields": {
    "name": "Can add рейтинг элемента",
    "content_type": 10,
    "codename": "add_rating"
  }
},
{
  "model": "auth.permission",
  "pk": 38,
  "fields": {
    "name": "Can change рейтинг элемента",
    "content_type": 10,
    "codename": "change_rating"
  }
},
{
  "model": "auth.permission",
  "pk": 39,
  "fields": {
    "name": "Can delete рейтинг элемента",
    "content_type": 10,
    "codename": "delete_rating"
  }
},
{
  "model": "auth.permission",
  "pk": 40,
  "fields": {
    "name": "Can view рейтинг элемента",
    "content_type": 10,
    "codename": "view_rating"
  }
},
{
  "model": "auth.permission",
  "pk": 41,
  "fields": {
    "name": "Can add тип элемента",
    "content_type": 11,
    "codename": "add_type"
  }
},
{
  "model": "auth.permission",
  "pk": 42,
  "fields": {
    "name": "Can change тип элемента",
    "content_type": 11,
    "codename": "change_type"
  }
},
{
  "model": "auth.permission",
  "pk": 43,
  "fields": {
    "name": "Can delete тип элемента",
    "content_type": 11,
    "codename": "delete_type"
  }
},
{
  "model": "auth.permission",
  "pk": 44,
  "fields": {
    "name": "Can view тип элемента",
    "content_type": 11,
    "codename": "view_type"
  }
},
{
  "model": "auth.permission",
  "pk": 45,
  "fields": {
    "name": "Can add продукт",
    "content_type": 12,
    "codename": "add_product"
  }
},
{
  "model": "auth.permission",
  "pk": 46,
  "fields": {
    "name": "Can change продукт",
    "content_type": 12,
    "codename": "change_product"
  }
},
{
  "model": "auth.permission",
  "pk": 47,
  "fields": {
    "name": "Can delete продукт",
    "content_type": 12,
    "codename": "delete_product"
  }
},
{
  "model": "auth.permission",
  "pk": 48,
  "fields": {
    "name": "Can view продукт",
    "content_type": 12,
    "codename": "view_product"
  }
},
{
  "model": "auth.permission",
  "pk": 49,
  "fields": {
    "name": "Can add цену",
    "content_type": 13,
    "codename": "add_price"
  }
},
{
  "model": "auth.permission",
  "pk": 50,
  "fields": {
    "name": "Can change цену",
    "content_type": 13,
    "codename": "change_price"
  }
},
{
  "model": "auth.permission",
  "pk": 51,
  "fields": {
    "name": "Can delete цену",
    "content_type": 13,
    "codename": "delete_price"
  }
},
{
  "model": "auth.permission",
  "pk": 52,
  "fields": {
    "name": "Can view цену",
    "content_type": 13,
    "codename": "view_price"
  }
},
{
  "model": "auth.user",
  "pk": 1,
  "fields": {
    "password": "pbkdf2_sha256$600000$WLTIzanu58NYhKDemqz3eK$YyokxzEFWxZCDKjZGjhLRH+Thu+dSDT9Po+4FnST83Y=",
    "last_login": "2024-07-23T19:29:24.592Z",
    "is_superuser": true,
    "username": "admin",
    "first_name": "",
    "last_name": "",
    "email": "",
    "is_staff": true,
    "is_active": true,
    "date_joined": "2024-07-23T09:15:19.056Z",
    "groups": [],
    "user_permissions": []
  }
},
{
  "model": "contenttypes.contenttype",
  "pk": 1,
  "fields": {
    "app_label": "admin",
    "model": "logentry"
  }
},
{
  "model": "contenttypes.contenttype",
  "pk": 2,
  "fields": {
    "app_label": "auth",
    "model": "permission"
  }
},
{
  "model": "contenttypes.contenttype",
  "pk": 3,
  "fields": {
    "app_label": "auth",
    "model": "group"
  }
},
{
  "model": "contenttypes.contenttype",
  "pk": 4,
  "fields": {
    "app_label": "auth",
    "model": "user"
  }
},
{
  "model": "contenttypes.contenttype",
  "pk": 5,
  "fields": {
    "app_label": "contenttypes",
    "model": "contenttype"
  }
},
{
  "model": "contenttypes.contenttype",
  "pk": 6,
  "fields": {
    "app_label": "sessions",
    "model": "session"
  }
},
{
  "model": "contenttypes.contenttype",
  "pk": 7,
  "fields": {
    "app_label": "food",
    "model": "category"
  }
},
{
  "model": "contenttypes.contenttype",
  "pk": 8,
  "fields": {
    "app_label": "food",
    "model": "element"
  }
},
{
  "model": "contenttypes.contenttype",
  "pk": 9,
  "fields": {
    "app_label": "food",
    "model": "nutrient"
  }
},
{
  "model": "contenttypes.contenttype",
  "pk": 10,
  "fields": {
    "app_label": "food",
    "model": "rating"
  }
},
{
  "model": "contenttypes.contenttype",
  "pk": 11,
  "fields": {
    "app_label": "food",
    "model": "type"
  }
},
{
  "model": "contenttypes.contenttype",
  "pk": 12,
  "fields": {
    "app_label": "food",
    "model": "product"
  }
},
{
  "model": "contenttypes.contenttype",
  "pk": 13,
  "fields": {
    "app_label": "food",
    "model": "price"
  }
},
{
  "model": "sessions.session",
  "pk": "7heporb8d2018sgs39ht656mzboknqds",
  "fields": {
    "session_data": ".eJxVjDsOwjAQRO_iGlnrf6CkzxmsXXvBAWRLcVIh7k4ipYBuNO_NvEXEdSlx7TzHKYuLUOL02xGmJ9cd5AfWe5Op1WWeSO6KPGiXY8v8uh7u30HBXrY1cmKwWmUMmkxy_jY455NhS4acAaLBOmZQECy7cAZtwSivmbdAKojPF-NkNyA:1sWBcE:r2WoqIoVnW7ioCUihdmCn_YUf7cMbFJb1Ejo_Ssn8F4",
    "expire_date": "2024-08-06T09:15:26.757Z"
  }
},
{
  "model": "sessions.session",
  "pk": "oshnzljrj2x8qxpvitj20stulw6uibjn",
  "fields": {
    "session_data": ".eJxVjDsOwjAQRO_iGlnrf6CkzxmsXXvBAWRLcVIh7k4ipYBuNO_NvEXEdSlx7TzHKYuLUOL02xGmJ9cd5AfWe5Op1WWeSO6KPGiXY8v8uh7u30HBXrY1cmKwWmUMmkxy_jY455NhS4acAaLBOmZQECy7cAZtwSivmbdAKojPF-NkNyA:1sWLCO:w0WWGuj2zJD0KrhcQ1CJpoEVkchM0vWeF6RX2GhyG6w",
    "expire_date": "2024-08-06T19:29:24.613Z"
  }
},
{
  "model": "food.product",
  "pk": 1,
  "fields": {
    "slug": "voda",
    "description": "",
    "title": "Вода",
    "image": "product_images/228820-butylka-vody-39.jpg",
    "price": 1,
    "nutrient": 1,
    "category": [
      3
    ],
    "element": [
      1
    ]
  }
},
{
  "model": "food.product",
  "pk": 2,
  "fields": {
    "slug": "makarony-iz-pshenicy",
    "description": "Классические спагетти для приготовления идеальной пасты. Они не развариваются, не слипаются, замечательно пропитываются соусами и легко варятся до состояния «аль денте»‎.\r\nСо спагетти получится любой вид пасты, но обычно их используют для классической, карбонары, болоньезе, качо-и-пепе.",
    "title": "Макароны из пшеницы",
    "image": "product_images/scale_1200.jpg",
    "price": 4,
    "nutrient": 4,
    "category": [
      2
    ],
    "element": [
      1,
      2
    ]
  }
},
{
  "model": "food.product",
  "pk": 3,
  "fields": {
    "slug": "kvas",
    "description": "Ностальгический, яркий вкус поджаренной корочки ржаного хлеба и горько-сладкий привкус солода. Превосходно освежает и утоляет жажду. Этот натуральный, деликатно газированный напиток хорош и сам по себе, и как основа для ароматной весенней окрошки, летней ботвиньи и старинного русского супа с мясом щуки и хреном.\r\nНеобходимо хранить в холодильнике, чтобы избежать процесса брожения, так как продукт живой.\r\nДоля этилового спирта не более 1,2%. Напиток противопоказан детям до 12 лет, беременным и кормящим женщинам. Допускается дрожжевой осадок.",
    "title": "Квас",
    "image": "",
    "price": 3,
    "nutrient": 3,
    "category": [
      3
    ],
    "element": [
      1,
      3,
      4,
      5,
      6,
      7
    ]
  }
},
{
  "model": "food.product",
  "pk": 4,
  "fields": {
    "slug": "mors-brusnichnyj",
    "description": "Этот сладко-терпкий морс приготовлен из натуральной брусники. Его свежий лесной вкус замечательно раскрывается и в охлажденном напитке, и в горячем, с пряностями и медом. Хорошо утоляет жажду и сочетается со вторыми блюдами или выпечкой.",
    "title": "Морс брусничный",
    "image": "product_images/mors_brusnika.jpg",
    "price": 5,
    "nutrient": 5,
    "category": [
      3
    ],
    "element": [
      1,
      3,
      8
    ]
  }
},
{
  "model": "food.product",
  "pk": 5,
  "fields": {
    "slug": "dobryj-kola",
    "description": "Напиток газированный Добрый Cola - напиток с натуральным составом, без искусственных красителей, на чистейшей артезианской воде. Это бодряще-освежающий аромат и природная сладость, которую любят многие. Она дарит бодрость и наполняет энергией, оставляя приятное пряное послевкусие. Пейте охлажденным или используйте для приготовления коктейле и других напитков.",
    "title": "Добрый кола",
    "image": "product_images/kola.jpg",
    "price": 6,
    "nutrient": 6,
    "category": [
      3
    ],
    "element": [
      1,
      9,
      10,
      11,
      12,
      13,
      14,
      15
    ]
  }
},
{
  "model": "food.product",
  "pk": 6,
  "fields": {
    "slug": "doktor-pepper",
    "description": "Dr Pepper («Доктор Пе́ппер») — безалкогольный газированный напиток.\r\n\r\nОн был создан в 1880-х годах фармацевтом Чарльзом Олдертоном в Уэйко, Техас, США. Напиток впервые был подан примерно в 1885 году.\r\n\r\nВпервые Dr Pepper был выпущен на национальный рынок в США в 1904 году, а в настоящее время продаётся по всему миру.\r\n\r\nРазновидности включают диетический Dr Pepper и линейку дополнительных вкусов, которая начала формироваться с 2000-х годов.",
    "title": "Доктор Пеппер",
    "image": "product_images/doc_pepper.jpg",
    "price": 7,
    "nutrient": 7,
    "category": [
      3
    ],
    "element": [
      1,
      9,
      10,
      11,
      13,
      15,
      16
    ]
  }
},
{
  "model": "food.product",
  "pk": 7,
  "fields": {
    "slug": "makarony-iz-krasnoj-chechevicy",
    "description": "Безглютеновые спагетти из чечевичной муки станут отличной альтернативой классическим пшеничным. Не развариваются, поэтому подходят для приготовление пасты «аль денте»‎. Кроме того, спагетти из чечевицы очень питательные: в 100 г сухого продукта содержится более 17 г белка.",
    "title": "Макароны из красной чечевицы",
    "image": "product_images/makaroni_checheviza.jpg",
    "price": 8,
    "nutrient": 8,
    "category": [
      2
    ],
    "element": [
      1,
      17
    ]
  }
},
{
  "model": "food.product",
  "pk": 8,
  "fields": {
    "slug": "syr-strachatella",
    "description": "Сыр, который точно придётся вам по вкусу, ведь он занимает первое место в топ-10 любимых сыров наших покупателей.\r\n«Страчателла» представляет собой нежные сырные нити, которые обволакивают чуть солоноватые густые сливки. Она идеально подходит для приготовления фруктовых и овощных салатов, изысканных закусок, пасты и необычных десертов.\r\nМассовая доля жира в сухом веществе 40 - 48%",
    "title": "Сыр \"Страчателла\"",
    "image": "product_images/sir_strachatella.jpeg",
    "price": 9,
    "nutrient": 9,
    "category": [
      4
    ],
    "element": [
      7,
      18,
      19,
      20,
      21
    ]
  }
},
{
  "model": "food.product",
  "pk": 9,
  "fields": {
    "slug": "syr-gauda",
    "description": "Полутвёрдый сыр с мягким, округлым вкусом. Прекрасно подходит для подачи на закуску, приготовления бутербродов и запекания.\r\nА готовая нарезка сделает процесс сервировки сыра максимально быстрым.\r\nМассовая доля жира в сухом веществе 45%.",
    "title": "Сыр \"Гауда\"",
    "image": "product_images/sir_gauda.jpg",
    "price": 10,
    "nutrient": 10,
    "category": [
      4
    ],
    "element": [
      7,
      18,
      19,
      22,
      23
    ]
  }
},
{
  "model": "food.product",
  "pk": 10,
  "fields": {
    "slug": "syr-mocarella",
    "description": "Эти белоснежные шарики не только напоминают крупный жемчуг своим видом. Они ещё и замечательно украшают собой любое блюдо.\r\nМоцарелла подойдёт для приготовления всевозможных овощных салатов, пасты, пиццы и изысканных закускок. Небольшой размер позволяет не тратить время на нарезание сыра, а сразу добавлять его в блюдо.\r\nЧтобы богатый сливочный вкус моцареллы раскрылся в полной мере, оставьте его прогреться до комнатной температуры перед тем, как подавать на стол.\r\nМассовая доля жира в сухом веществе 45%",
    "title": "Сыр \"Моцарелла\"",
    "image": "product_images/sir_mozarella.jpg",
    "price": 11,
    "nutrient": 11,
    "category": [
      4
    ],
    "element": [
      1,
      7,
      18,
      19,
      24
    ]
  }
},
{
  "model": "food.product",
  "pk": 11,
  "fields": {
    "slug": "syr-tilziter",
    "description": "Ароматный сыр с плотной текстурой, которая легко поддаётся ножу. Отличается сбалансированным вкусом с приятной молочной кислинкой. Он замечательно подходит для приготовления утренних бутербродов — особенно на ломтиках ржаного хлеба —, а также пасты, мясных запеканок и салатов.\r\nМассовая доля жира в сухом веществе 45%.",
    "title": "Сыр \"Тильзитер\"",
    "image": "product_images/sir_tilziter.jpg",
    "price": 12,
    "nutrient": 12,
    "category": [
      4
    ],
    "element": [
      1,
      7,
      18,
      19
    ]
  }
},
{
  "model": "food.product",
  "pk": 12,
  "fields": {
    "slug": "syr-tvorozhnyj",
    "description": "Подсоленный сыр на творожной основе с кремообразной консистенцией. Прекрасно подойдёт к бутербродам с красной рыбой и авокадо. Кроме того, можно использовать для приготовления десертных кремов и сливочных соусов.\r\nМассовая доля жира в сухом веществе - 60%",
    "title": "Сыр \"Творожный\"",
    "image": "product_images/sir_tvorozhnyi.jpg",
    "price": 13,
    "nutrient": 13,
    "category": [
      4
    ],
    "element": [
      1,
      7,
      18,
      19,
      20,
      25
    ]
  }
},
{
  "model": "food.product",
  "pk": 13,
  "fields": {
    "slug": "makaroni-iz-ovoshej",
    "description": "Плотная и упругая, она подойдёт для всевозможных кулинарных экспериментов: приготовления пасты, наваристых супов и гарниров. Сушёные овощи придают ей необычные нотки, которые только подчеркнут вкус любимых блюд. А оригинальный цвет сделает их интереснее при подаче.",
    "title": "Макароны из овощей",
    "image": "product_images/makarini_iz_ovoshey.jpg",
    "price": 14,
    "nutrient": 14,
    "category": [
      2
    ],
    "element": [
      1,
      20,
      26,
      27,
      28,
      29
    ]
  }
},
{
  "model": "food.product",
  "pk": 14,
  "fields": {
    "slug": "makarony-iz-goroha-bezglyutenovye",
    "description": "Безглютеновые спагетти из гороховой муки станут отличной альтернативой классическим пшеничным макаронам. Они не развариваются и не слипаются, а поэтому подходят для приготовление идеальной пасты «аль денте»‎. Кроме того, спагетти из гороха очень питательные: в 100 г сухого продукта содержится более 20 г белка.",
    "title": "Макароны из гороха безглютеновые",
    "image": "product_images/makaroni_iz_goroha.jpg",
    "price": 15,
    "nutrient": 15,
    "category": [
      2
    ],
    "element": [
      1,
      30
    ]
  }
},
{
  "model": "food.product",
  "pk": 15,
  "fields": {
    "slug": "makarony-iz-lna-bezglyutenovye",
    "description": "Безглютеновые макароны, изготовленные всего из трёх ингредиентов: льняной и кукурузной муки и воды. Прекрасно подойдут для приготовления пасты, гарнира, запеканки и даже тёплых салатов.\r\nВеганский продукт.",
    "title": "Макароны из льна безглютеновые",
    "image": "product_images/makaroni_iz_lna.jpg",
    "price": 16,
    "nutrient": 16,
    "category": [
      2
    ],
    "element": [
      1,
      31,
      32
    ]
  }
},
{
  "model": "food.product",
  "pk": 16,
  "fields": {
    "slug": "baget-francuzskij",
    "description": "Классический французский багет ручной работы из пшеничной муки на натуральной закваске с добавлением цельнозеровой муки. Выпечен на натуральном камне. Тот самый багет с хрустящей золотистой корочкой и нежным мякишем. Идеален для приготовления изысканных закусок, классических бутербродов и брускетт.",
    "title": "Багет французский",
    "image": "product_images/baget_french.jpg",
    "price": 17,
    "nutrient": 17,
    "category": [
      5
    ],
    "element": [
      1,
      4,
      20,
      29,
      33,
      34
    ]
  }
},
{
  "model": "food.product",
  "pk": 17,
  "fields": {
    "slug": "bananovyj-keks-s-orehom",
    "description": "Постный десерт со спелыми бананами и кусочками грецкого ореха, дополненный щепоткой душистой корицы. Обладает нежнейшей шелковистой текстурой и насыщенным фруктовым вкусом с утончёнными пряными оттенками.\r\nЗамечательно подходит для завтраков, подачи на десерт и сладких перерывов.",
    "title": "Банановый кекс с орехом",
    "image": "product_images/bananoviy_keks_s_orekhom.jpg",
    "price": 18,
    "nutrient": 18,
    "category": [
      5
    ],
    "element": [
      29,
      35,
      36,
      37,
      38,
      39,
      40,
      41,
      42
    ]
  }
},
{
  "model": "food.product",
  "pk": 18,
  "fields": {
    "slug": "bublik-s-makom",
    "description": "Сдобное изделие из пшеничной муки с добавлением мака.",
    "title": "Бублик с маком",
    "image": "product_images/byblik_s_makom.jpg",
    "price": 19,
    "nutrient": 19,
    "category": [
      5
    ],
    "element": [
      1,
      3,
      4,
      20,
      29,
      37,
      43
    ]
  }
},
{
  "model": "food.product",
  "pk": 19,
  "fields": {
    "slug": "rzhanoj-baton",
    "description": "Ржаной хлеб на закваске и заварке, выпеченный с добавлением солода. Отличается пышным, плотным, чуть влажным мякишем и сбалансированным вкусом с деликатными сладковатыми нотками. Подходит для приготовления десертных и сытных бутербродов, прекрасно сочетается с мясом и сырами.",
    "title": "Ржаной батон",
    "image": "product_images/rzhanoi_baton.jpg",
    "price": 20,
    "nutrient": 20,
    "category": [
      5
    ],
    "element": [
      1,
      3,
      6,
      33,
      34,
      44,
      45,
      46,
      47,
      48
    ]
  }
},
{
  "model": "food.product",
  "pk": 20,
  "fields": {
    "slug": "grenki-rzhanye",
    "description": "Хрустящие сухарики из заварного хлеба, приправленные томатным порошком, сушёным чесночком и щепоткой соли. Обладают насыщенным пряным ароматом и островатым вкусом. Станут лёгким снеком или удачной закуской к несладким напиткам.",
    "title": "Гренки ржаные",
    "image": "product_images/grenki_rzhanie.jpeg",
    "price": 21,
    "nutrient": 21,
    "category": [
      5
    ],
    "element": [
      1,
      3,
      4,
      6,
      7,
      20,
      29,
      37,
      44,
      49,
      50,
      51,
      52
    ]
  }
},
{
  "model": "food.product",
  "pk": 21,
  "fields": {
    "slug": "servelat-vareno-kopchenyj",
    "description": "Натуральный сервелат из свинины и курицы, изготовленный с добавлением шпика и пикантных специй. Обладает насыщенным мясным вкусом и лёгким ароматом копчения, перед которым невозможно устоять. Прекрасно подойдёт для приготовления сытных бутербродов и несомненно украсит стол при подаче в качестве закуски.",
    "title": "Сервелат варено-копченый",
    "image": "product_images/servelat_varenokopchenui.jpg",
    "price": 22,
    "nutrient": 22,
    "category": [
      6
    ],
    "element": [
      51,
      52,
      53,
      54,
      55,
      56,
      57,
      58,
      59,
      60
    ]
  }
},
{
  "model": "food.product",
  "pk": 22,
  "fields": {
    "slug": "kolbasa-livernaya-yaichnaya",
    "description": "Нежная колбаса из свинины, свиной печени и говядины. Имеет выраженный печёночный вкус с тонкой ноткой мускатного ореха. По структуре «Яичная» близка к паштету, при этом она хорошо держит форму. Можно нарезать кружочками или намазать на хлеб.",
    "title": "Колбаса ливерная \"Яичная\"",
    "image": "product_images/kolbasa_livernaya.jpg",
    "price": 23,
    "nutrient": 23,
    "category": [
      6
    ],
    "element": [
      3,
      20,
      29,
      52,
      53,
      58,
      61,
      62,
      63,
      64,
      65
    ]
  }
},
{
  "model": "food.product",
  "pk": 23,
  "fields": {
    "slug": "vetchina-iz-grudki-indejki-s-paprikoj",
    "description": "Диетическая ветчина из мяса индейки, изготовленная с добавлением экстракта чёрного перца и паприки. Обладает плотной текстурой и умеренно пряным вкусом. Отлично подходит для приготовления сытных роллов, омлетов и салатов.",
    "title": "Ветчина из грудки индейки с паприкой",
    "image": "product_images/vetchina_indeika.jpg",
    "price": 24,
    "nutrient": 24,
    "category": [
      6
    ],
    "element": [
      20,
      50,
      52,
      56,
      57,
      65,
      66,
      67,
      68
    ]
  }
},
{
  "model": "food.product",
  "pk": 24,
  "fields": {
    "slug": "farsh-iz-govyadiny-i-kuricy",
    "description": "Фарш, изготовленный из смеси говяжьего и куриного мяса. Не содержит субпродуктов, красителей и ароматизаторов. Подходит для приготовления котлет, фрикаделек, голубцов и других мясных блюд.",
    "title": "Фарш из говядины и курицы",
    "image": "product_images/arsh_govyadina_kyrisa.jpeg",
    "price": 25,
    "nutrient": 25,
    "category": [
      6
    ],
    "element": [
      55,
      62,
      66
    ]
  }
},
{
  "model": "food.product",
  "pk": 25,
  "fields": {
    "slug": "stejk-ribaj-iz-govyadiny",
    "description": "Один из самых популярных стейков. Отрезается со спиной части, в месте пересечения шести мышц, которые практически не задействуются при движении животного. Поэтому Рибай отличается особенной мягкостью и сочностью.",
    "title": "Стейк Рибай из говядины",
    "image": "product_images/steik_ribay.jpg",
    "price": 26,
    "nutrient": 26,
    "category": [
      6
    ],
    "element": [
      62
    ]
  }
},
{
  "model": "food.price",
  "pk": 1,
  "fields": {
    "title": "50.00",
    "date": "2024-07-23T09:17:02.778Z"
  }
},
{
  "model": "food.price",
  "pk": 3,
  "fields": {
    "title": "82.00",
    "date": "2024-07-23T20:00:37.554Z"
  }
},
{
  "model": "food.price",
  "pk": 4,
  "fields": {
    "title": "126.00",
    "date": "2024-07-23T20:31:27.062Z"
  }
},
{
  "model": "food.price",
  "pk": 5,
  "fields": {
    "title": "125.00",
    "date": "2024-07-23T20:36:59.536Z"
  }
},
{
  "model": "food.price",
  "pk": 6,
  "fields": {
    "title": "76.00",
    "date": "2024-07-23T20:50:04.596Z"
  }
},
{
  "model": "food.price",
  "pk": 7,
  "fields": {
    "title": "96.00",
    "date": "2024-07-23T20:53:45.355Z"
  }
},
{
  "model": "food.price",
  "pk": 8,
  "fields": {
    "title": "220.00",
    "date": "2024-07-23T21:11:59.444Z"
  }
},
{
  "model": "food.price",
  "pk": 9,
  "fields": {
    "title": "326.00",
    "date": "2024-07-24T08:41:02.263Z"
  }
},
{
  "model": "food.price",
  "pk": 10,
  "fields": {
    "title": "315.00",
    "date": "2024-07-24T08:45:51.448Z"
  }
},
{
  "model": "food.price",
  "pk": 11,
  "fields": {
    "title": "154.00",
    "date": "2024-07-24T08:49:26.693Z"
  }
},
{
  "model": "food.price",
  "pk": 12,
  "fields": {
    "title": "365.00",
    "date": "2024-07-24T08:51:22.256Z"
  }
},
{
  "model": "food.price",
  "pk": 13,
  "fields": {
    "title": "98.00",
    "date": "2024-07-24T08:53:47.194Z"
  }
},
{
  "model": "food.price",
  "pk": 14,
  "fields": {
    "title": "112.00",
    "date": "2024-07-24T08:57:24.863Z"
  }
},
{
  "model": "food.price",
  "pk": 15,
  "fields": {
    "title": "224.00",
    "date": "2024-07-24T09:02:13.854Z"
  }
},
{
  "model": "food.price",
  "pk": 16,
  "fields": {
    "title": "280.00",
    "date": "2024-07-24T09:05:17.819Z"
  }
},
{
  "model": "food.price",
  "pk": 17,
  "fields": {
    "title": "75.00",
    "date": "2024-07-24T09:08:59.737Z"
  }
},
{
  "model": "food.price",
  "pk": 18,
  "fields": {
    "title": "241.00",
    "date": "2024-07-24T09:23:01.629Z"
  }
},
{
  "model": "food.price",
  "pk": 19,
  "fields": {
    "title": "85.00",
    "date": "2024-07-24T09:26:22.966Z"
  }
},
{
  "model": "food.price",
  "pk": 20,
  "fields": {
    "title": "96.00",
    "date": "2024-07-24T09:30:59.407Z"
  }
},
{
  "model": "food.price",
  "pk": 21,
  "fields": {
    "title": "160.00",
    "date": "2024-07-24T09:35:11.031Z"
  }
},
{
  "model": "food.price",
  "pk": 22,
  "fields": {
    "title": "425.00",
    "date": "2024-07-24T09:43:51.929Z"
  }
},
{
  "model": "food.price",
  "pk": 23,
  "fields": {
    "title": "485.00",
    "date": "2024-07-24T09:48:02.176Z"
  }
},
{
  "model": "food.price",
  "pk": 24,
  "fields": {
    "title": "280.00",
    "date": "2024-07-24T09:55:51.272Z"
  }
},
{
  "model": "food.price",
  "pk": 25,
  "fields": {
    "title": "315.00",
    "date": "2024-07-24T09:59:08.740Z"
  }
},
{
  "model": "food.price",
  "pk": 26,
  "fields": {
    "title": "670.00",
    "date": "2024-07-24T10:00:56.505Z"
  }
},
{
  "model": "food.category",
  "pk": 2,
  "fields": {
    "slug": "makarony",
    "description": "Макаронные изделия – неотъемлемая часть рациона большинства сегодняшних семей. Многие не задумываются о том, какой путь проделывает продукция, чтобы радовать своим вкусом потребителей.\r\n\r\nТехнология производства макаронных изделий весьма разнообразна. Она зависит от конечного продукта, который разнообразен по форме и свойствам.\r\n\r\nПоставщики макаронных изделий оказываются в фаворе, так как товар за счет своей низкой стоимости достаточно популярен среди покупателей.\r\n\r\nВыпуск продукции с каждым годом растет, поэтому важным критерием становится качество. Как следствие, увеличивается конкуренция. Предприятия-гиганты вытесняют небольшие фирмы, монополизируя рынок.\r\n\r\nМакароны – один из самых доступных видов продукции. Их потребляют как бедные, так и богатые. Даже несмотря на увеличение цен, спрос на продовольствие не перестал расти.",
    "title": "Макароны"
  }
},
{
  "model": "food.category",
  "pk": 3,
  "fields": {
    "slug": "bezalkogolnye-napitki",
    "description": "Главными характерными чертами безалкогольных напитков являются высокое содержание воды и отсутствие алкоголя. Точнее говоря, объемная доля этилового спирта в этих напитках не может превышать 0,5%, а в напитках брожения и на спиртосодержащем сырье —1,2%. Кроме того, в состав большинства напитков входят сахара и другие экстрактивные вещества, которые в готовый продукт поступают вместе с соками, морсами, экстрактами, настоями и т.п.\r\n\r\nВ состав безалкогольных напитков также могут входить минеральные вещества, органические кислоты, красящие и ароматические вещества и др. В частности, в процессе приготовления многих напитков образуются или добавляются в них углекислотная органические кислоты, благодаря которым употребление безалкогольных напитков может принести человеку освежающий эффект.",
    "title": "Безалкогольные напитки"
  }
},
{
  "model": "food.category",
  "pk": 4,
  "fields": {
    "slug": "syry",
    "description": "История сыра началась тысячи лет назад, когда люди одомашнили коз и коров. Считается, что сыр получился случайно: люди пытались продлить срок годности молока, поместив его в импровизированные контейнеры из желудков животных и добавляя в него фруктовый сок или соль. Под воздействием ферментов и кислот напиток свёртывался. Заметив этот эффект, люди стали делать сыр специально.\r\n\r\nС годами рецептура менялась. Сейчас в мире существует около двух тысяч сортов сыра.",
    "title": "Сыры"
  }
},
{
  "model": "food.category",
  "pk": 5,
  "fields": {
    "slug": "hleb-i-vypechka",
    "description": "Выпечка — это общее название пищевых продуктов, основным ингредиентом которых является зерно или зерновые продукты. Хлебобулочные изделия длительного хранения могут храниться дольше благодаря меньшему содержанию влаги. К выпечке относятся как хлеб, так и мелкие хлебобулочные изделия, хлебобулочные изделия длительного хранения и даже кондитерские изделия. Обычное и плоское печенье относятся к подгруппе хлебобулочных изделий длительного хранения.\r\nСогласно общему мнению под кондитерскими изделиями понимают всю выпечку, в которой содержится 90 процентов муки и не менее 10 процентов жира и сахара. Кондитерские изделия делаются из теста, которое выпекается, обжаривается или готовится другим способом с использованием зерновой мукомольной продукции и крахмала, жира и сахара.",
    "title": "Хлеб и выпечка"
  }
},
{
  "model": "food.category",
  "pk": 6,
  "fields": {
    "slug": "kolbasy-i-myasnye-delikatesy",
    "description": "В зависимости от вида и степени термической обработки, колбасы, колбасные изделия и мясные деликатесы классифицируются на вареные, копченые, полукопченые, варенокопченые и т.д. К колбасным изделиям и мясным деликатесам относятся сосиски, сардельки, буженина, мясные чипсы, копченые ребрышки, грудинка и прочие.\r\n\r\nКолбасы и колбасные изделия, а так же мясные деликатесы можно подавать к любому столу в нарезке, в качестве закуски. Так же эти продукты удобно использовать для приготовления бутербродов или канапе. Большинство видов колбас используют для приготовления первых блюд, салатов и других кулинарных изделий.",
    "title": "Колбасы и мясные деликатесы"
  }
},
{
  "model": "food.nutrient",
  "pk": 1,
  "fields": {
    "calories": 0,
    "proteins": 0,
    "fats": 0,
    "carbohydrates": 0
  }
},
{
  "model": "food.nutrient",
  "pk": 3,
  "fields": {
    "calories": 24,
    "proteins": 1,
    "fats": 0,
    "carbohydrates": 2
  }
},
{
  "model": "food.nutrient",
  "pk": 4,
  "fields": {
    "calories": 124,
    "proteins": 6,
    "fats": 2,
    "carbohydrates": 54
  }
},
{
  "model": "food.nutrient",
  "pk": 5,
  "fields": {
    "calories": 42,
    "proteins": 0,
    "fats": 0,
    "carbohydrates": 11
  }
},
{
  "model": "food.nutrient",
  "pk": 6,
  "fields": {
    "calories": 42,
    "proteins": 0,
    "fats": 0,
    "carbohydrates": 11
  }
},
{
  "model": "food.nutrient",
  "pk": 7,
  "fields": {
    "calories": 28,
    "proteins": 0,
    "fats": 0,
    "carbohydrates": 7
  }
},
{
  "model": "food.nutrient",
  "pk": 8,
  "fields": {
    "calories": 369,
    "proteins": 17,
    "fats": 2,
    "carbohydrates": 72
  }
},
{
  "model": "food.nutrient",
  "pk": 9,
  "fields": {
    "calories": 230,
    "proteins": 16,
    "fats": 18,
    "carbohydrates": 1
  }
},
{
  "model": "food.nutrient",
  "pk": 10,
  "fields": {
    "calories": 319,
    "proteins": 25,
    "fats": 24,
    "carbohydrates": 0
  }
},
{
  "model": "food.nutrient",
  "pk": 11,
  "fields": {
    "calories": 252,
    "proteins": 18,
    "fats": 20,
    "carbohydrates": 0
  }
},
{
  "model": "food.nutrient",
  "pk": 12,
  "fields": {
    "calories": 340,
    "proteins": 25,
    "fats": 26,
    "carbohydrates": 0
  }
},
{
  "model": "food.nutrient",
  "pk": 13,
  "fields": {
    "calories": 236,
    "proteins": 9,
    "fats": 22,
    "carbohydrates": 3
  }
},
{
  "model": "food.nutrient",
  "pk": 14,
  "fields": {
    "calories": 382,
    "proteins": 12,
    "fats": 1,
    "carbohydrates": 83
  }
},
{
  "model": "food.nutrient",
  "pk": 15,
  "fields": {
    "calories": 373,
    "proteins": 21,
    "fats": 0,
    "carbohydrates": 68
  }
},
{
  "model": "food.nutrient",
  "pk": 16,
  "fields": {
    "calories": 215,
    "proteins": 8,
    "fats": 3,
    "carbohydrates": 40
  }
},
{
  "model": "food.nutrient",
  "pk": 17,
  "fields": {
    "calories": 304,
    "proteins": 8,
    "fats": 3,
    "carbohydrates": 62
  }
},
{
  "model": "food.nutrient",
  "pk": 18,
  "fields": {
    "calories": 323,
    "proteins": 4,
    "fats": 15,
    "carbohydrates": 43
  }
},
{
  "model": "food.nutrient",
  "pk": 19,
  "fields": {
    "calories": 360,
    "proteins": 10,
    "fats": 4,
    "carbohydrates": 68
  }
},
{
  "model": "food.nutrient",
  "pk": 20,
  "fields": {
    "calories": 265,
    "proteins": 8,
    "fats": 2,
    "carbohydrates": 54
  }
},
{
  "model": "food.nutrient",
  "pk": 21,
  "fields": {
    "calories": 465,
    "proteins": 10,
    "fats": 19,
    "carbohydrates": 64
  }
},
{
  "model": "food.nutrient",
  "pk": 22,
  "fields": {
    "calories": 419,
    "proteins": 12,
    "fats": 41,
    "carbohydrates": 1
  }
},
{
  "model": "food.nutrient",
  "pk": 23,
  "fields": {
    "calories": 366,
    "proteins": 11,
    "fats": 34,
    "carbohydrates": 4
  }
},
{
  "model": "food.nutrient",
  "pk": 24,
  "fields": {
    "calories": 130,
    "proteins": 27,
    "fats": 3,
    "carbohydrates": 1
  }
},
{
  "model": "food.nutrient",
  "pk": 25,
  "fields": {
    "calories": 154,
    "proteins": 16,
    "fats": 10,
    "carbohydrates": 0
  }
},
{
  "model": "food.nutrient",
  "pk": 26,
  "fields": {
    "calories": 170,
    "proteins": 20,
    "fats": 10,
    "carbohydrates": 0
  }
},
{
  "model": "food.element",
  "pk": 1,
  "fields": {
    "slug": "voda",
    "description": "Питьевая вода — это вода, которая предназначена для ежедневного неограниченного и безопасного потребления человеком и другими живыми существами.\r\n\r\nГлавным отличием от столовых и минеральных вод является пониженное содержание солей (сухого остатка), а также наличие действующих стандартов на общий состав и свойства.",
    "title": "Вода",
    "rating": 1,
    "type": [
      1
    ]
  }
},
{
  "model": "food.element",
  "pk": 2,
  "fields": {
    "slug": "pshenica",
    "description": "",
    "title": "Пшеница",
    "rating": 2,
    "type": [
      2
    ]
  }
},
{
  "model": "food.element",
  "pk": 3,
  "fields": {
    "slug": "sahar-svekolnyj",
    "description": "Свекольный сахар производят из клубней сахарной свеклы, растущей в умеренном климате. Белые кристаллики сахара получаются после измельчения корнеплодов и многократной очистки разными методами.",
    "title": "Сахар свекольный",
    "rating": 3,
    "type": [
      4
    ]
  }
},
{
  "model": "food.element",
  "pk": 4,
  "fields": {
    "slug": "drozhzhi-hlebopekarnye",
    "description": "Хлебопека́рные дро́жжи (пе́карские дрожжи) — биологический разрыхлитель теста. Используются в основном в хлебопечении для приготовления теста из пшеничной муки и теста из смеси пшеничной и ржаной муки, а также для выпечки некоторых видов кондитерских изделий, например, кексов из сдобного дрожжевого теста.",
    "title": "Дрожжи хлебопекарные",
    "rating": 2,
    "type": [
      7
    ]
  }
},
{
  "model": "food.element",
  "pk": 5,
  "fields": {
    "slug": "solod-yachmennyj",
    "description": "Ячменный солод — полезный продукт, который используется в пивоварении и хлебопекарной деятельности. С его помощью добиваются особого вкуса, цвета и аромата. Самый полезный продукт — неферментированный солод, который получается в результате сушки, а не обжаривания.\r\nЯчменный солод богат витаминами группы В, А, С, Е, К, РР. Химический состав включает бета-каротин, лютеин, калий, магний, фосфор, натрий, кальций, марганец, железо, цинк, селен.",
    "title": "Солод ячменный",
    "rating": 1,
    "type": [
      8
    ]
  }
},
{
  "model": "food.element",
  "pk": 6,
  "fields": {
    "slug": "solod-rzhanoj",
    "description": "Солод ржаной – это продукт, получаемый благодаря искусственному проращиванию зерен ржи. Его ферментируют, подвергают сушке и измельчению. В процессе взаимодействия солода с дрожжами выделяется спирт, и это позволяет применять данный продукт в таких процессах и отраслях, как пивоварение, производство хлеба и дрожжей. Благодаря этой добавке хлеб становится более ароматным и вкусным, а также красивым и эластичным.",
    "title": "Солод ржаной",
    "rating": 1,
    "type": [
      8
    ]
  }
},
{
  "model": "food.element",
  "pk": 7,
  "fields": {
    "slug": "molochnokislye-bakterii",
    "description": "Молочнокислые бактерии — группа микроаэрофильных грамположительных микроорганизмов, сбраживающих углеводы с образованием молочной кислоты как одного из основных продуктов.\r\nМолочнокислое брожение стало известно людям на заре развития цивилизации. С тех пор им пользуются в домашних условиях и в пищевой промышленности для переработки и сохранения еды и напитков.",
    "title": "Молочнокислые бактерии",
    "rating": 2,
    "type": [
      6
    ]
  }
},
{
  "model": "food.element",
  "pk": 8,
  "fields": {
    "slug": "pyure-iz-yagod-brusniki",
    "description": "Брусника (Vaccínium vítis-idaea) — вечнозеленое низкорослое растение, принадлежащее к виду рода Вакцинум семейства Вересковые.\r\nУпотребление 100 грамм брусники обеспечит 139% рекомендуемой суточной нормы марганца, минерала, который является компонентом одного из основных антиоксидантных ферментов организма. Также такое количество ягод — это 12% рекомендуемой нормы витамина С и 10% рекомендуемой нормы витамина Е.",
    "title": "Пюре из ягод брусники",
    "rating": 1,
    "type": [
      9
    ]
  }
},
{
  "model": "food.element",
  "pk": 9,
  "fields": {
    "slug": "e150d",
    "description": "Е150d - Сахарный колер IV. Пищевая добавка E150d входит в группу добавок E150 (сахарный колер). Это краситель, устойчивый к повышенной кислотности продукта, воздействию света, перепадам температуры. Он подходит для продуктов, которые в процессе обработки и приготовления подвергаются высокой температуре и давлению, имеют высокую кислотность. Добавка E150d хорошо растворяется в воде, имеет высокую микробиологическую стабильность. Благодаря ей в готовом продукте не образуются вредные микроорганизмы. \r\n\r\nПищевой краситель E150d помогает устранить образование осадка в продуктах – за это отвечает свойство его молекул иметь положительный или отрицательный остаточный заряд (зависит от реагентов, используемых при производстве).\r\n\r\nКак и все виды добавок группы E150, краситель E150d производят при помощи термической обработки углеводов – глюкозы, сахарозы. Главное отличие от других добавок Е150 – в процессе производства в смесь для реакции добавляются аммонийные и сульфитные соединения (щелочи и кислоты). Так при производстве добавки Е150d могут использоваться: фосфат аммония, гидроксид аммония, серная кислота, сульфат аммония, сульфит и бисульфит аммония, сульфит и бисульфит натрия, сульфит и бисульфит калия, карбонат и гидрокарбонат аммония.\r\n\r\nОсновные характеристики добавки E150d:\r\n\r\nЦвет – темно-коричневый, почти черный (самый темный в группе);\r\nЗапах – жженый сахар;\r\nКонсистенция – порошок или раствор;\r\nВкус – горький.\r\nПищевая добавка E150d является самой опасной в классе E150. Согласно некоторым исследованиям, она имеет слабое канцерогенное действие, может вызывать онкологические заболевания и проблемы с желудочно-кишечным трактом. В то же время, согласно данным экспертного комитета ФАО/ВОЗ, краситель будет считаться безопасным для организма, если не превышается его максимальная суточная доза – 200 мг на 1 кг веса тела.",
    "title": "Е150d-Сахарный колер IV",
    "rating": 3,
    "type": [
      10
    ]
  }
},
{
  "model": "food.element",
  "pk": 10,
  "fields": {
    "slug": "e-338",
    "description": "E338 – Орто-фосфорная кислота.\r\nОртофосфорная кислота - неорганическое соединение, довольно слабая кислота. В пищевой промышленности используется в качестве регулятора кислотности и имеет маркировку Е338.\r\n\r\nХимическая формула ортофосфорной кислоты - H3PO4.\r\nЕще одним направлением использования ортофосфорной кислоты является удаление ржавчины. Данная кислота используется в различных средствах - преобразователях ржавчины. Она превращает гидроксид железа в черный фосфат железа, тем самым останавливая распространение коррозии.\r\nДобавка Е338 входит в список разрешенных пищевых добавок в Европейском союзе, Российской Федерации, Украине и многих других странах.",
    "title": "E-338 – Орто-фосфорная кислота",
    "rating": 2,
    "type": [
      10
    ]
  }
},
{
  "model": "food.element",
  "pk": 11,
  "fields": {
    "slug": "e-331iii",
    "description": "E-331(iii) – Цитрат натрия 3-замещенный.",
    "title": "E-331(iii)– Цитрат натрия 3-замещенный",
    "rating": 1,
    "type": [
      10
    ]
  }
},
{
  "model": "food.element",
  "pk": 12,
  "fields": {
    "slug": "e-952",
    "description": "Средство в продуктах питания обозначают как пищевую добавку Е952. На данный момент вещество разрешено более, чем в 56 странах мира, в том числе в ЕС. С 70-х годов его не применяют в США. Цикламат назначают в виде подсластителя для диабетиков, добавляют в различные лекарственные средства.\r\nФармакологическое действие:\r\nПодсластитель, заменитель сахара.",
    "title": "E-952 - Цикламат натрия",
    "rating": 3,
    "type": [
      10
    ]
  }
},
{
  "model": "food.element",
  "pk": 13,
  "fields": {
    "slug": "e-950",
    "description": "Ацесульфам калия (добавка E950) является одним из новых подсластителей, он также известен под названием ацесульфам К и распространяется под торговым названием «Sunett».\r\nКак и для большинства подсластителей вопрос безопасности Ацесульфама калия пока остается спорным. Некоторые критики обвиняют производителей в недостаточном изучении побочных явлений, связанным с его употреблением, и утверждают, что Ацесульфам калия может быть канцерогеном.",
    "title": "E-950 - Ацесульфам калия",
    "rating": 2,
    "type": [
      10
    ]
  }
},
{
  "model": "food.element",
  "pk": 14,
  "fields": {
    "slug": "e-951",
    "description": "Аспартам (пищевая добавка E951) является синтетическим, не сахаридным подсластителем, используемым в качестве заменителя сахара в целом ряде напитков и пищевых продуктов. Аспартам представляет из себя метиловый эфир дипептида, состоящий из стандартных аминокислот, таких как аспарагиновая и фенилаланин.\r\nЦелый ряд клинических и токсикологических исследований аспартама подтвердили его безвредность, при соблюдении дневной дозы не более 50 мг. на один килограмм веса.",
    "title": "Е-951 - Аспартам",
    "rating": 3,
    "type": [
      10
    ]
  }
},
{
  "model": "food.element",
  "pk": 15,
  "fields": {
    "slug": "kofein",
    "description": "Это алкалоид пуринового ряда, бесцветные или белые горькие кристаллы.\r\n\r\nЯвляется психоактивным веществом, содержится в кофе, чае, мате, входит в состав энергетиков и многих прохладительных напитков. Также входит в состав аптечных препаратов.\r\n\r\nУ животных и человека кофеин стимулирует центральную нервную систему, усиливает сердечную деятельность, ускоряет пульс, вызывает расширение кровеносных сосудов, усиливает мочеотделение, снижает агрегацию тромбоцитов.",
    "title": "Кофеин",
    "rating": 2,
    "type": [
      10
    ]
  }
},
{
  "model": "food.element",
  "pk": 16,
  "fields": {
    "slug": "e-955",
    "description": "E955 – Сукралоза (трихлоргалактосахароза).\r\nискусственный подсластитель, используемый в качестве заменителя сахара и как пищевая добавка Е955 в большом количестве продуктов питания. Сукралоза была разработана английской фирмой Tate & Lyle[англ.] в 1976 году из обычного сахара и имеет вкусовые характеристики подобные сахару, при этом её сладость в 600 раз больше привычной сахарозы.",
    "title": "Е-955 - Сукралоза",
    "rating": 3,
    "type": [
      10
    ]
  }
},
{
  "model": "food.element",
  "pk": 17,
  "fields": {
    "slug": "muka-iz-krasnoj-chechevicy",
    "description": "Чечевица содержит большое количество растительного белка, который легко усваивается организмом. При этом содержание серных аминокислот и триптофана в чечевице ниже, чем в других бобовых. Чечевица содержит меньше жира, чем горох и является превосходным источником железа. В одной порции приготовленной чечевицы содержится 90% рекомендуемой дневной нормы фолиевой кислоты. Зерно чечевицы отличается высоким содержанием микроэлементов — кальция, калия, фосфора, железа, имеет в своем составе марганец, медь, молибден, бор, йод, кобальт, цинк, жирные кислоты из группы Омега-3, Омега-6, а также является хорошим источником витаминов группы В, содержит витамины РР, А, а прорастающие зерна — витамин С. По своим питательным свойствам чечевица может заменить хлеб, крупы и в значительной мере мясо.",
    "title": "Мука из красной чечевицы",
    "rating": 1,
    "type": [
      5
    ]
  }
},
{
  "model": "food.element",
  "pk": 18,
  "fields": {
    "slug": "moloko",
    "description": "Молоко - продукт нормальной физиологической секреции молочных желез коров, коз, верблюдиц и других млекопитающих.\r\nМолоко и молочные продукты относятся к продуктам с высокими показателями пищевой ценности: содержат значительное количество незаменимых нутриентов, обладают высокой переваримостью и усвояемостью. В питании молоко и молочные продукты являются основными источниками животного белка (незаменимых аминокислот).",
    "title": "Молоко",
    "rating": 2,
    "type": [
      15
    ]
  }
},
{
  "model": "food.element",
  "pk": 19,
  "fields": {
    "slug": "slivki",
    "description": "Сли́вки — молочный продукт, получаемый из цельного молока путём сепарации жировой фракции. Используются для изготовления сливочного масла, сметаны, мороженого, потребляются в свежем виде.",
    "title": "Сливки",
    "rating": 2,
    "type": [
      15
    ]
  }
},
{
  "model": "food.element",
  "pk": 20,
  "fields": {
    "slug": "sol",
    "description": "Пова́ренная соль, или пищева́я соль (хлорид натрия, NaCl; употребляются также названия хлористый натрий, каменная соль, «столовая соль» или просто «соль») — пищевой продукт, представляющий собой бесцветные кристаллы.\r\nСоль природного (морского) происхождения почти всегда имеет примеси других минеральных солей, которые могут придавать ей оттенки разных цветов (как правило, серого, бурого, розового).",
    "title": "Соль",
    "rating": 2,
    "type": [
      13
    ]
  }
},
{
  "model": "food.element",
  "pk": 21,
  "fields": {
    "slug": "limonnaya-kislota",
    "description": "Лимонная кислота (C6H8O7) — кристаллическое вещество белого цвета, температура плавления 153 °C, хорошо растворима в воде, растворима в этиловом спирте, малорастворима в диэтиловом эфире. Слабая трёхосновная кислота. Лимонная кислота — важный продукт обмена веществ в живых организмах, участвует в цикле трикарбоновых кислот и глиоксилатном цикле.",
    "title": "Лимонная кислота",
    "rating": 2,
    "type": [
      10
    ]
  }
},
{
  "model": "food.element",
  "pk": 22,
  "fields": {
    "slug": "lizocim",
    "description": "Лизоци́м (англ. lysozyme, от др.-греч. λύσις — «развязывание, разложение» и энзим; КФ 3.2.1.17) — антибактериальный агент, фермент класса гидролаз, разрушающий клеточные стенки бактерий гидролизом пептидогликана (муреина). Главным образом лизоцим получают из белка куриных яиц. Также аналогичные ферменты содержатся в организмах животных, в первую очередь, в местах соприкосновения с окружающей средой — в слизистой оболочке желудочно-кишечного тракта, слёзной жидкости, грудном молоке, слюне, слизи носоглотки и т. д.",
    "title": "Лизоцим",
    "rating": 2,
    "type": [
      10
    ]
  }
},
{
  "model": "food.element",
  "pk": 23,
  "fields": {
    "slug": "annato",
    "description": "Аннато (ˈænætoʊ) - оранжево-красная приправа и пищевой краситель, получаемая из семян дерева ахиоте (Bixa orellana), произрастающего в тропических частях Америки. Его часто используют для придания продуктам желтого или красно-оранжевого цвета, но иногда также для придания им вкуса и аромата.",
    "title": "Аннато",
    "rating": 2,
    "type": [
      10
    ]
  }
},
{
  "model": "food.element",
  "pk": 24,
  "fields": {
    "slug": "e-509",
    "description": "Хлорид кальция является побочным продуктом производства соды, также вещество получают в процессе обработки известняка соляной кислотой. Хлорид кальция представляет собой прозрачные или белые кристаллы без запаха и вкуса, хорошо растворимые в воде (calorizator). При взаимодействии с воздухом расплываются.\r\nХлорид кальция восполняет дефицит микроэлемента кальция, необходимого для процесса сокращения мышц и переноса нервных импульсов. Употребление хлорида кальция рекомендовано лицам с заболеваниями сердечно-сосудистой системы, детям и подросткам в период активного роста, людям преклонного возраста в качестве профилактики возникновения остеопороза. Вещество является достаточно сильным иммуностимулятором. Е509 признана безвредной пищевой добавкой.",
    "title": "Е-509 - Хлорид кальция",
    "rating": 1,
    "type": [
      10
    ]
  }
},
{
  "model": "food.element",
  "pk": 25,
  "fields": {
    "slug": "maslo-slivochnoe",
    "description": "Сли́вочное ма́сло — пищевой продукт, изготавливаемый сепарированием или сбиванием сливок, полученных из коровьего молока, реже — из молока другого крупного и мелкого рогатого скота. Имеет высокое содержание молочного жира — 50—82,5 % (чаще — 72,5—82,5 %; в топлёном масле — около 99 %).",
    "title": "Масло сливочное",
    "rating": 2,
    "type": [
      15
    ]
  }
},
{
  "model": "food.element",
  "pk": 26,
  "fields": {
    "slug": "morkov-sushyonaya",
    "description": "",
    "title": "Морковь сушёная",
    "rating": 1,
    "type": [
      16
    ]
  }
},
{
  "model": "food.element",
  "pk": 27,
  "fields": {
    "slug": "shpinat-sushyonyj",
    "description": "",
    "title": "Шпинат сушёный",
    "rating": 1,
    "type": [
      16
    ]
  }
},
{
  "model": "food.element",
  "pk": 28,
  "fields": {
    "slug": "svekla-sushyonaya",
    "description": "",
    "title": "Свекла сушёная",
    "rating": 1,
    "type": [
      16
    ]
  }
},
{
  "model": "food.element",
  "pk": 29,
  "fields": {
    "slug": "muka-iz-tvyordyh-sortov-pshenicy",
    "description": "",
    "title": "Мука из твёрдых сортов пшеницы",
    "rating": 2,
    "type": [
      5
    ]
  }
},
{
  "model": "food.element",
  "pk": 30,
  "fields": {
    "slug": "muka-gorohovaya",
    "description": "",
    "title": "Мука гороховая",
    "rating": 1,
    "type": [
      5
    ]
  }
},
{
  "model": "food.element",
  "pk": 31,
  "fields": {
    "slug": "muka-lnyanaya",
    "description": "",
    "title": "Мука льняная",
    "rating": 1,
    "type": [
      5
    ]
  }
},
{
  "model": "food.element",
  "pk": 32,
  "fields": {
    "slug": "muka-kukuruznaya",
    "description": "",
    "title": "Мука кукурузная",
    "rating": 2,
    "type": [
      5
    ]
  }
},
{
  "model": "food.element",
  "pk": 33,
  "fields": {
    "slug": "pshenichnaya-zakvaska",
    "description": "",
    "title": "Пшеничная закваска",
    "rating": 2,
    "type": [
      3
    ]
  }
},
{
  "model": "food.element",
  "pk": 34,
  "fields": {
    "slug": "patoka-krahmalnaya-karamelnaya-kislotnaya",
    "description": "Патока крахмальная карамельная кислотная представляет собой очищенный и концентрированный сироп, полученный при частичном гидролизе кукурузного крахмала. Для получения карамельной кислотной патоки используется кислотный способ, т.е. при ее получении для гидролиза крахмала используют патоку, а не ферменты.\r\n\r\nКарамельная кислотная патока считается безопасной для здоровья человека, поэтому она широко используется технологами в пищевом производстве, прежде всего в кондитерской, консервной и хлебобулочной промышленности.",
    "title": "Патока крахмальная карамельная кислотная",
    "rating": 1,
    "type": [
      10
    ]
  }
},
{
  "model": "food.element",
  "pk": 35,
  "fields": {
    "slug": "banany",
    "description": "",
    "title": "Бананы",
    "rating": 1,
    "type": [
      17
    ]
  }
},
{
  "model": "food.element",
  "pk": 36,
  "fields": {
    "slug": "sahar-trostnikovyj-korichnevyjy",
    "description": "Коричневый сахар - это сахарозный сахарный продукт с характерным коричневым цветом из-за присутствия патоки. Традиционно это нерафинированный или частично рафинированный мягкий сахар, состоящий из кристаллов сахара с некоторым остаточным содержанием патоки (натуральный коричневый сахар), но в настоящее время его часто получают путем добавления патоки к рафинированному белому сахару (коммерческому коричневому сахару).",
    "title": "Сахар тростниковый коричневый",
    "rating": 2,
    "type": [
      4
    ]
  }
},
{
  "model": "food.element",
  "pk": 37,
  "fields": {
    "slug": "maslo-podsolnechnoe",
    "description": "Подсолнечное масло - это нелетучее масло, отжатое из семян подсолнечника (Helianthus annuus). Подсолнечное масло обычно используется в пищевых продуктах в качестве масла для жарки и в косметических препаратах в качестве смягчающего средства. Подсолнечное масло в основном состоит из линолевой кислоты, полиненасыщенного жира, и олеиновой кислоты, мононенасыщенного жира.",
    "title": "Масло подсолнечное",
    "rating": 3,
    "type": [
      18
    ]
  }
},
{
  "model": "food.element",
  "pk": 38,
  "fields": {
    "slug": "greckij-oreh",
    "description": "Грецкий орех называется так не в честь Греции: страна, в которой все есть, не является их родиной. Такое имя они получили благодаря греческим купцам, которые ими торговали.\r\nПольза для здоровья грецких орехов несомненна. Они хороши для улучшения работы иммунной системы, эндокринной, половых желез, щитовидной железы.\r\n\r\nОни полезны и при заболеваниях кожи. Особо польза масла грецкого ореха неоценима для нежной, чувствительной и раздраженной кожи. Масло приводит ее в порядок: увлажняет, устраняет шелушение, успокаивает.",
    "title": "Грецкий орех",
    "rating": 1,
    "type": [
      19
    ]
  }
},
{
  "model": "food.element",
  "pk": 39,
  "fields": {
    "slug": "korica",
    "description": "Корица — это высушенный внутренний слой коры вечнозелёного дерева коричника цейлонского, которое растёт в Индии, Индонезии, Малайзии и на Шри-Ланке.\r\nКорица является богатым источником витамина К, кальция и железа, а также содержит умеренное количество витамина В6, витамина Е, магния и цинка.",
    "title": "Корица",
    "rating": 1,
    "type": [
      10
    ]
  }
},
{
  "model": "food.element",
  "pk": 40,
  "fields": {
    "slug": "pishevaya-soda-gidrokarbonat-natriya",
    "description": "Гидрокарбонат натрия (другие названия: бикарбонат натрия, питьевая или пищевая сода, двууглекислый натрий) — неорганическое вещество, натриевая кислая соль угольной кислоты с химической формулой NaHCO₃.\r\n\r\nВ обычном виде — мелкокристаллический порошок белого цвета.\r\n\r\nИспользуется в промышленности, пищевой промышленности, в медицине как нейтрализатор химических ожогов кожи и слизистых оболочек концентрированными кислотами и для снижения кислотности желудочного сока. Также применяется в буферных растворах.",
    "title": "Пищевая сода - гидрокарбонат натрия",
    "rating": 2,
    "type": [
      10
    ]
  }
},
{
  "model": "food.element",
  "pk": 41,
  "fields": {
    "slug": "sol-gimalajskaya",
    "description": "Розовая гималайская соль — каменная соль (галит) из месторождения в области Пенджаб в Пакистане. Её добывают в соляной шахте в Хевре, которая расположена в предгорье Соляного хребта на Индо-Гангской равнине. Шахта находится на расстоянии 310 км от Гималаев, 260 км от Лахора и 300 км от Амритсара.\r\n\r\nНаучных доказательств преимуществ для здоровья розовой по сравнению с обычной поваренной солью нет.",
    "title": "Соль гималайская",
    "rating": 2,
    "type": [
      13
    ]
  }
},
{
  "model": "food.element",
  "pk": 42,
  "fields": {
    "slug": "gvozdika",
    "description": "Гвозди́ка — пряность, представляющая собой высушенные нераскрывшиеся бутоны (цветочные почки) тропического гвоздичного дерева (Syzygium aromaticum) из рода Сизигиум, иногда относимого к роду Евгения, семейства миртовых (Myrtaceae).\r\nГвоздика обладает жгучим вкусом и своеобразным сильным ароматом. При этом жгучесть и аромат сконцентрированы в разных местах бутона: наиболее тонкий аромат дает шляпка, а жгучая часть расположена в черешке. Черешок у гвоздики после ферментации должен стать эластичным и оставлять маслянистый след от эфирного масла на бумаге при нажиме.\r\nГлавным образом в кулинарии гвоздика применяется для приготовления маринадов (грибных, фруктово-ягодных, мясных, овощных, реже — рыбных). Смеси пряностей, в которые входит гвоздика, используются в кондитерском, рыбоконсервном и колбасном производствах.",
    "title": "Гвоздика",
    "rating": 1,
    "type": [
      10
    ]
  }
},
{
  "model": "food.element",
  "pk": 43,
  "fields": {
    "slug": "mak-pishevoj",
    "description": "Мак пищевой — один из самых популярных ингредиентов для выпечки и кондитерских изделий, который придаёт им тонкий пряный вкус.\r\n\r\nГлавные характеристики такого продукта:\r\n\r\nвысокая степень очистки зёрен — 99,9%;\r\n\r\nоднородность и отсутствие посторонних примесей;\r\n\r\nвлажность, соответствующая допустимым показателям — не более 7%.\r\n\r\nМак используется для изготовления кондитерских и хлебобулочных изделий. Его применяют как основу для начинки пирогов, рулетов, рогаликов, плюшек, добавляют при замешивании в тесто, а также используют в качестве элемента декорирования.",
    "title": "Мак пищевой",
    "rating": 2,
    "type": [
      10
    ]
  }
},
{
  "model": "food.element",
  "pk": 44,
  "fields": {
    "slug": "muka-rzhanaya",
    "description": "Ржаную муку изготавливают из цельного зерна ржи – растения, которое имеет внешнее сходство с пшеницей. Чем темнее выбранная вами мука, тем больше в ней отрубей, выше содержание белка и клетчатки и тем ярче ее вкус. Она более богата питательными веществами и клетчаткой, чем пшеничная. Ржаную почти всегда сочетают с пшеничной мукой, так она обладает более низкой способностью к образованию глютена.",
    "title": "Мука ржаная",
    "rating": 2,
    "type": [
      5
    ]
  }
},
{
  "model": "food.element",
  "pk": 45,
  "fields": {
    "slug": "rzhanye-hlopya",
    "description": "",
    "title": "Ржаные хлопья",
    "rating": 1,
    "type": [
      8
    ]
  }
},
{
  "model": "food.element",
  "pk": 46,
  "fields": {
    "slug": "semena-podsolnechnika-ochishennye",
    "description": "",
    "title": "Семена подсолнечника очищенные",
    "rating": 2,
    "type": [
      8
    ]
  }
},
{
  "model": "food.element",
  "pk": 47,
  "fields": {
    "slug": "kunzhut",
    "description": "",
    "title": "Кунжут",
    "rating": 1,
    "type": [
      8
    ]
  }
},
{
  "model": "food.element",
  "pk": 48,
  "fields": {
    "slug": "lyon",
    "description": "",
    "title": "Лён",
    "rating": 1,
    "type": [
      8
    ]
  }
},
{
  "model": "food.element",
  "pk": 49,
  "fields": {
    "slug": "tomaty-sushyonye",
    "description": "",
    "title": "Томаты сушёные",
    "rating": 1,
    "type": [
      16
    ]
  }
},
{
  "model": "food.element",
  "pk": 50,
  "fields": {
    "slug": "paprika-molotaya",
    "description": "Паприка — это пикантная приправа, которую изготавливают из сладкого красного перца Capsicum annum.\r\n\r\nПаприка представляет собой ароматный порошок ярко-красного цвета со сладковатым вкусом и пикантной горчинкой.",
    "title": "Паприка молотая",
    "rating": 1,
    "type": [
      10
    ]
  }
},
{
  "model": "food.element",
  "pk": 51,
  "fields": {
    "slug": "chesnok-sushenyj",
    "description": "",
    "title": "Чеснок сушеный",
    "rating": 1,
    "type": [
      16
    ]
  }
},
{
  "model": "food.element",
  "pk": 52,
  "fields": {
    "slug": "perec",
    "description": "",
    "title": "Перец",
    "rating": 1,
    "type": [
      10
    ]
  }
},
{
  "model": "food.element",
  "pk": 53,
  "fields": {
    "slug": "svinina",
    "description": "",
    "title": "Свинина",
    "rating": 2,
    "type": [
      20
    ]
  }
},
{
  "model": "food.element",
  "pk": 54,
  "fields": {
    "slug": "shpik-svinoj",
    "description": "",
    "title": "Шпик свиной",
    "rating": 2,
    "type": [
      20
    ]
  }
},
{
  "model": "food.element",
  "pk": 55,
  "fields": {
    "slug": "file-kurinoe",
    "description": "",
    "title": "Филе куриное",
    "rating": 1,
    "type": [
      20
    ]
  }
},
{
  "model": "food.element",
  "pk": 56,
  "fields": {
    "slug": "kardamon",
    "description": "Кардамон — концентрированная пряность с резко выраженным вкусом, поэтому его используют в малых количествах. Семена кардамона содержат 3—8 % эфирного масла, в состав которого входит жирное масло, а также терпинеол, терпинилацетат, цинеол, белок.",
    "title": "Кардамон",
    "rating": 1,
    "type": [
      10
    ]
  }
},
{
  "model": "food.element",
  "pk": 57,
  "fields": {
    "slug": "belyj-perec",
    "description": "",
    "title": "Белый перец",
    "rating": 1,
    "type": [
      10
    ]
  }
},
{
  "model": "food.element",
  "pk": 58,
  "fields": {
    "slug": "muskatnyj-oreh",
    "description": "В небольших количествах мускатный орех не вызывает заметных физиологических или неврологических реакций, но в больших дозах свежемолотые сырые ядра мускатного ореха (а также масло мускатного ореха) могут оказывать психоактивное действие.\r\nПо данным некоторых исследователей, токсичная доза мускатного ореха может составлять 2—3 чайных ложки (примерно 10—15 г)",
    "title": "Мускатный орех",
    "rating": 2,
    "type": [
      19
    ]
  }
},
{
  "model": "food.element",
  "pk": 59,
  "fields": {
    "slug": "perec-krasnyj",
    "description": "",
    "title": "Перец красный",
    "rating": 1,
    "type": [
      10
    ]
  }
},
{
  "model": "food.element",
  "pk": 60,
  "fields": {
    "slug": "glyukoznyj-sirop",
    "description": "В кондитерских рецептах довольно часто встречается такой ингредиент, как глюкоза.\r\nГлюкозный сироп представляет собой прозрачную сладкую жидкость со слабым вкусом без запаха. Он становится более жидким при нагревании и вязким при охлаждении. В глюкозном сиропе присутствует 75 % сладости сахарозы.",
    "title": "Глюкозный сироп",
    "rating": 3,
    "type": [
      4
    ]
  }
},
{
  "model": "food.element",
  "pk": 61,
  "fields": {
    "slug": "svinaya-pechen",
    "description": "",
    "title": "Свиная печень",
    "rating": 2,
    "type": [
      20
    ]
  }
},
{
  "model": "food.element",
  "pk": 62,
  "fields": {
    "slug": "govyadina",
    "description": "",
    "title": "Говядина",
    "rating": 1,
    "type": [
      20
    ]
  }
},
{
  "model": "food.element",
  "pk": 63,
  "fields": {
    "slug": "yajca-kurinye",
    "description": "",
    "title": "Яйца куриные",
    "rating": 1,
    "type": [
      21
    ]
  }
},
{
  "model": "food.element",
  "pk": 64,
  "fields": {
    "slug": "luk-sushenyj",
    "description": "",
    "title": "Лук сушеный",
    "rating": 1,
    "type": [
      16
    ]
  }
},
{
  "model": "food.element",
  "pk": 65,
  "fields": {
    "slug": "moloko-32",
    "description": "",
    "title": "Молоко 3.2%",
    "rating": 2,
    "type": [
      15
    ]
  }
},
{
  "model": "food.element",
  "pk": 66,
  "fields": {
    "slug": "grudka-indejki",
    "description": "",
    "title": "Грудка индейки",
    "rating": 1,
    "type": [
      20
    ]
  }
},
{
  "model": "food.element",
  "pk": 67,
  "fields": {
    "slug": "kozha-indejki",
    "description": "",
    "title": "Кожа индейки",
    "rating": 3,
    "type": [
      20
    ]
  }
},
{
  "model": "food.element",
  "pk": 68,
  "fields": {
    "slug": "dekstroza-d-glyukoza",
    "description": "Сахарид.\r\nСо стороны обмена веществ: возможны нарушения ионного баланса, гипергликемия.\r\n\r\nСо стороны сердечно-сосудистой системы: гиперволемия, острая левожелудочковая недостаточность.\r\n\r\nПрочие: лихорадка.\r\n\r\nМестные реакции: редко - местное раздражение, развитие инфекции, тромбофлебит.",
    "title": "Декстроза (D-глюкоза)",
    "rating": 3,
    "type": [
      10
    ]
  }
},
{
  "model": "food.type",
  "pk": 1,
  "fields": {
    "slug": "voda",
    "description": "",
    "title": "Вода"
  }
},
{
  "model": "food.type",
  "pk": 2,
  "fields": {
    "slug": "makarony",
    "description": "",
    "title": "Макароны"
  }
},
{
  "model": "food.type",
  "pk": 3,
  "fields": {
    "slug": "zakvaski",
    "description": "Закваска — микробиологический (чаще всего, бактериальный) состав, вызывающий брожение. Используется для сквашивания молока с целью получения кисломолочных продуктов (в том числе сыра, йогурта, простокваши, кефира), для приготовления теста и напитков (в частности, кваса и пива).",
    "title": "Закваски"
  }
},
{
  "model": "food.type",
  "pk": 4,
  "fields": {
    "slug": "sahara",
    "description": "Сахар – бытовое название сахарозы; этот углевод состоит из глюкозы и фруктозы и имеет сладкий вкус.\r\nУпотребление избыточного количества сахара может быть причиной дефицита хрома,препятствует усвоению кальция и магния,снижает уровень витамина Е,повышает общий уровень холестерина и триглицеридов,приводит к изменению поведения (нарушение внимания,сонливость,усиление депрессии и т.д.),увеличивает риск развития ожирения,может вызывать головные боли и мигрени,способствует развитию хронических дегенеративных заболеваний,ускоряет старение,неблагоприятно влияет на состояние иммунной системы и т.д.",
    "title": "Сахара"
  }
},
{
  "model": "food.type",
  "pk": 5,
  "fields": {
    "slug": "muka",
    "description": "Мука — продукт, получаемый в результате перемалывания зерен различных культур. Самая популярная мука пшеничная, однако также ее делают из риса, полбы, ржи, ячменя, кукурузы. Пшеничная мука — ключевой ингредиент при приготовлении хлеба. Также мука необходима при приготовлении любой выпечки, пельменей, макарон, всех кондитерских изделий. Муку используют для панировки рыбы и мяса.",
    "title": "Мука"
  }
},
{
  "model": "food.type",
  "pk": 6,
  "fields": {
    "slug": "bakterii",
    "description": "Молочнокислые бактерии — используют углеводы для производства молочной кислоты.\r\n\r\nУксуснокислые бактерии — вырабатывают уксусную кислоту.\r\n\r\nПротеолитические бактерии — гидролизуют белки, продуцируя внеклеточные протеиназы.\r\n\r\nЛиполитические бактерии — гидролизуют триглицериды путём выработки внеклеточных липаз.\r\n\r\nСахаролитические бактерии — гидролизуют сложные углеводы.",
    "title": "Бактерии"
  }
},
{
  "model": "food.type",
  "pk": 7,
  "fields": {
    "slug": "drozhzhi",
    "description": "Дрожжи - это микроскопические микроорганизмы (одноклеточные грибы), которые в процессе размножения выделяют углекислый газ (и другие вещества), поднимающие и разрыхляющие тесто. Для выпечки используют 3 вида дрожжей: свежие прессованные, сухие (активные и быстрорастворимые) и дрожжевые закваски (опары).",
    "title": "Дрожжи"
  }
},
{
  "model": "food.type",
  "pk": 8,
  "fields": {
    "slug": "zernovye-kultury",
    "description": "Зерновые культуры — это группа возделываемых растений, которые дают зерно, основной продукт питания человека (крупу), сырьё для многих отраслей промышленности и корма для сельскохозяйственных животных.\r\nЦельное зерно хлебных зерновых культур содержит много углеводов, белков, ферментов, витаминов группы B, PP и провитамина А.",
    "title": "Зерновые культуры"
  }
},
{
  "model": "food.type",
  "pk": 9,
  "fields": {
    "slug": "yagody",
    "description": "Ягоды – летнее удовольствие, сезон каждой из них скоротечен (три-четыре недели). В конце апреля поспевает жимолость, в июне - садовая земляника (которую часто называют \"клубникой\") и черешня, затем абрикос и лесная земляника, за ними вишня и слива, потом черника и голубика, после - крыжовник, малина, смородина и облепиха, а осенью - брусника, морошка и клюква. Можно, конечно, довольствоваться импортными ягодами из супермаркетов (они доступны по большим ценам чуть ли не весь год), однако их полезность, как ни обидно, очень сомнительна. Поэтому собирайте и покупайте ягоды в сезон и не от случаю к случаю, а регулярно: каждодневное употребление летом малины, черники, крыжовника и смородины – гарантия вашего здоровья на весь будущий год.",
    "title": "Ягоды"
  }
},
{
  "model": "food.type",
  "pk": 10,
  "fields": {
    "slug": "krasiteli-i-pishevye-dobavki",
    "description": "Пищевы́е доба́вки — вещества, добавляемые в технологических целях в пищевые продукты в процессе производства, упаковки, транспортировки или хранения для придания им желаемых свойств, например, определённого аромата (ароматизаторы), цвета (красители), длительности хранения (консерванты), вкуса, консистенции и так далее.",
    "title": "Красители и пищевые добавки"
  }
},
{
  "model": "food.type",
  "pk": 13,
  "fields": {
    "slug": "sol",
    "description": "Соли — это сложные вещества, молекулы которых состоят из атомов металлов и кислотных остатков (иногда могут содержать водород).\r\n\r\nПримеры солей: NaCl — хлорид натрия, СаSO4 — сульфат кальция и т. д.\r\n\r\nПрактически все соли являются ионными соединениями, поэтому в них между собой связаны ионы кислотных остатков и ионы металла.\r\n\r\nСоли — это твёрдые вещества, обладающие различной растворимостью в воде.",
    "title": "Соль"
  }
},
{
  "model": "food.type",
  "pk": 15,
  "fields": {
    "slug": "molochnye-produkty",
    "description": "Сливки, ряженка, кефир, сливочное масло, йогурт, сметана, творог, кумыс, мацони, катык, варенец, сыр — всё это делают из молока. Вернее, из разного молока — козьего, коровьего, буйволиного, кобыльего, верблюжьего, овечьего.\r\n\r\nИзначально переработка молока в молочные продукты производилась, прежде всего, для повышения срока его хранения. Именно так появились сметана и масло, сыр и творог. Технологии получения этих продуктов очень разнообразны и вариативны: скажем, по совершенно разным технологиям производятся обычное сливочное масло и вологодское масло, мягкий сыр вроде брынзы и твёрдый сыр вроде пармезана, сливочный сыр и плавленый сыр, варенец и ряженка, мацони и катык.",
    "title": "Молочные продукты"
  }
},
{
  "model": "food.type",
  "pk": 16,
  "fields": {
    "slug": "ovoshi",
    "description": "Овощи – это растения, которые можно употреблять в пищу. Термин чаще всего применяют к корнеплодам, тыквенным и пасленовым, т.к. плоды, собираемые с кустарников и деревьев, принято именовать фруктами и ягодами. Овощи – неотъемлемая часть питания человека. В них содержатся важные для здоровья витамины, углеводы и прочие полезные вещества. Летом они составляют основу многих диет, а зимой укрепляют организм и поставляют в него необходимые для нормального функционирования элементы.",
    "title": "Овощи"
  }
},
{
  "model": "food.type",
  "pk": 17,
  "fields": {
    "slug": "frukty",
    "description": "Фрукт – это сочный съедобный плод дерева или растения, основной природной функцией которого является сохранение семян для дальнейшего распространения. Исходя из утверждения, огурцы, бананы, и даже орехи относятся к этому определению. Значение слово «фрукт» появилось в 1705 году, до этого времени все плоды назывались овощами. В переводе с латинского этот термин дословно переводится как «плод». Большинство фруктов употребляется как в сыром виде, так и после термической обработки.",
    "title": "Фрукты"
  }
},
{
  "model": "food.type",
  "pk": 18,
  "fields": {
    "slug": "maslo-rastitelnoe",
    "description": "Продукты, извлекаемые из растительного сырья и состоящие из триглицеридов жирных кислот и сопутствующих им веществ (фосфолипиды, свободные жирные кислоты, воски, стеролы, вещества, придающие окраску и др.).",
    "title": "Масло растительное"
  }
},
{
  "model": "food.type",
  "pk": 19,
  "fields": {
    "slug": "orehi",
    "description": "Сегодня орехи по-прежнему важны для нашего рациона, это богатый источник растительных белков и масел, витаминов, микроэлементов и других необходимых организму веществ, а по питательной ценности не уступают мясу.\r\n\r\nБез орехов трудно представить многие национальные кухни, а кондитерские изделия и десерты без них были бы гораздо скучнее. Кроме того, орехи и скорлупу используют в медицине и косметологии, делают из них игрушки, сувениры, украшения и даже музыкальные инструменты.",
    "title": "Орехи"
  }
},
{
  "model": "food.type",
  "pk": 20,
  "fields": {
    "slug": "myaso",
    "description": "",
    "title": "Мясо"
  }
},
{
  "model": "food.type",
  "pk": 21,
  "fields": {
    "slug": "yajca",
    "description": "",
    "title": "Яйца"
  }
},
{
  "model": "food.rating",
  "pk": 1,
  "fields": {
    "slug": "vysokij",
    "description": "",
    "title": "Высокий",
    "rating_num": 5
  }
},
{
  "model": "food.rating",
  "pk": 2,
  "fields": {
    "slug": "srednij",
    "description": "",
    "title": "Средний",
    "rating_num": 3
  }
},
{
  "model": "food.rating",
  "pk": 3,
  "fields": {
    "slug": "nizkij",
    "description": "",
    "title": "Низкий",
    "rating_num": 1
  }
}
]
